id_pracownika;data_wpisu;godzina_wpisu;imie;nazwisko;nr_telefonu;id_zgloszenia;zglaszany_numer_rejestracyjny;powod;potwierdzone
94;2020-04-24;22:21:51;John;Egger;363624261;0;GA NS2HX;3;N
997;2021-11-25;11:18:43;Daryl;Stewart;442122915;1;GA 4YMFT;3;Y
935;2021-03-22;14:26:43;Gabriel;Wilkins;349713581;2;GSP 76CKT;13;Y
436;2020-05-27;07:39:21;David;Ray;860016594;3;GS 37ECJ;12;Y
119;2019-12-03;23:14:38;Gregory;Houser;947300493;4;GMB 7822J;1;Y
842;2020-12-16;09:38:38;David;Kaplan;044800417;5;GMB WXMJY;0;Y
818;2020-07-20;04:37:30;Jessie;Kane;528380523;6;GDA L8AF4;8;N
320;2020-10-22;00:19:56;Howard;Wadsworth;088147874;7;GBY J0JZW;14;N
449;2020-01-08;05:29:24;Stephen;Rodrigue;338207472;8;GKW R1FS1;20;Y
931;2023-03-08;22:00:29;Violeta;Szczepanek;435676289;9;GBY 3KLFL;7;Y
598;2023-03-09;09:30:28;Steven;Patterson;345890868;10;GMB 2LARK;8;Y
928;2019-03-07;23:15:47;Nicholas;Snipes;952504864;11;GA NL6RR;4;Y
440;2019-11-01;22:22:39;Debra;Russell;932378177;12;GA Z11U8;4;Y
41;2019-06-28;08:22:29;Kent;Clark;152028014;13;GD SFFT7;3;Y
660;2021-08-18;09:59:54;Martha;Crumpton;450860451;14;GS JCGNE;12;N
879;2019-03-17;11:58:45;Armando;Jacko;971128683;15;GCH HYSMC;9;N
64;2021-03-30;02:33:53;Patricia;Hill;041855647;16;GLE A8G54;27;Y
999;2019-05-24;06:48:07;Richard;Hogans;346887139;17;GSP X6SU1;14;Y
222;2021-01-31;06:36:26;James;Carr;498526995;18;GKS 33WLX;4;Y
10;2020-09-14;08:07:30;Antonio;Kurz;782054360;19;GD T0A6E;25;Y
345;2020-02-16;06:28:34;Elizabeth;Mitchell;594174629;20;GD WNE9N;25;Y
343;2023-08-06;17:09:58;Lillian;Shepherd;493087818;21;GA T6FPK;6;N
252;2019-05-25;20:45:21;Cheryl;Straka;834176988;22;GCZ 134S8;21;Y
414;2021-04-20;07:04:04;Monica;Asher;844928122;23;GKA XN7N8;4;Y
405;2019-10-06;23:56:59;John;Pea;202879785;24;GD 59FCF;26;Y
40;2023-02-03;12:40:08;Mildred;Steward;478982833;25;GLE M7YYU;24;Y
68;2020-06-05;14:08:56;Margret;Ward;680743474;26;GD 6RJ7C;22;Y
104;2019-01-09;16:54:12;Robert;Engstrom;225754574;27;GKA 9H3RH;18;Y
251;2022-02-04;04:04:29;William;Medford;349538550;28;GKW JLY6F;23;Y
505;2022-03-14;08:36:10;Fonda;Dalphonse;227909196;29;GMB 9MUTJ;19;N
239;2020-10-18;06:05:49;Victoria;Delarosa;885259678;30;GS NRAHE;14;N
861;2020-06-12;15:13:59;Tiffany;Bachman;253692469;31;GD 4AK6R;16;Y
945;2023-09-18;12:44:17;Alva;Sansotta;412837935;32;GD 6A3GU;19;N
317;2019-12-16;17:14:04;Christa;James;371518891;33;GA SP61P;13;N
865;2023-07-02;15:41:44;Joy;Moree;547279640;34;GA T6FPK;27;Y
224;2019-02-23;11:36:09;Willie;Lovely;062862410;35;GLE 3Z01Z;9;N
507;2022-11-23;13:18:08;Suellen;Downer;161796315;36;GS FL7Y3;0;N
117;2019-01-25;21:18:15;Vincent;Tattershall;446665426;37;GSP YZH71;21;N
958;2023-05-17;10:40:23;Michelle;Zolocsik;216883850;38;GKW HYW7N;12;Y
438;2023-07-01;00:24:25;Janyce;Villegas;392985730;39;GA P17K1;8;N
188;2020-12-11;18:04:26;Margret;Johnson;607409045;40;GA U9ZN7;0;Y
19;2019-07-25;09:12:30;Teresa;Madden;007639408;41;GS FW4MW;3;Y
405;2022-09-08;20:10:13;Frederick;Hamm;427405076;42;GA XT7S1;24;Y
542;2022-08-12;19:58:24;Winona;Ross;115172540;43;GD K3W6A;5;N
569;2020-11-26;13:05:28;Mary;Epperly;994419885;44;GD UNATA;26;Y
456;2020-12-22;11:41:45;George;Nelson;758939491;45;GBY Y4WG4;7;Y
477;2022-12-27;04:39:50;Helen;Holliday;864318339;46;GD XUMXX;19;Y
174;2021-11-28;22:53:18;Kenneth;Blough;521737985;47;GCZ EWSZ2;12;Y
796;2021-01-27;14:37:16;Reginald;Adkins;647406116;48;GA 5S98Z;3;N
830;2022-11-26;16:32:36;Elizabeth;Guest;274824652;49;GKA H9225;18;Y
839;2022-06-27;22:44:27;Curtis;Hollowell;226501001;50;GKW 6UTGW;21;Y
188;2021-06-13;22:16:15;Dean;Armijo;469427411;51;GSP GAA6T;19;N
315;2021-02-25;14:55:24;Mary;Graham;355886507;52;GMB HK3C7;3;Y
714;2019-07-30;22:58:17;Cornelia;Bull;125141263;53;GSP US8GC;15;Y
148;2021-05-29;00:00:03;Karen;Macias;407129419;54;GLE 421H4;8;N
748;2023-07-17;05:42:13;Doris;Theodore;734365276;55;GD NLCJF;4;Y
324;2019-05-04;01:45:14;Jesse;Turgeon;639627150;56;GD EZKRC;6;Y
462;2019-05-17;02:36:22;Cynthia;Westfield;341080272;57;GND 10N7F;26;Y
120;2021-11-17;02:49:54;William;Resendez;585797020;58;GS J64WF;26;N
76;2022-09-11;02:00:55;Thomas;Mitchell;525693891;59;GCZ 8FJAU;24;Y
942;2023-07-29;02:45:40;Phillip;Wheeler;438863704;60;GA STAUN;10;N
459;2020-04-06;18:18:54;Steven;Shivers;767906423;61;GA XPXHH;7;N
110;2020-07-26;03:58:56;Mamie;Medina;956073313;62;GCZ 7W0XU;16;Y
709;2020-05-15;12:38:03;David;Jackson;899008252;63;GCH 62PEH;10;Y
852;2022-01-29;15:18:25;Maria;Haist;865680883;64;GA RT1JL;3;Y
610;2023-02-22;15:29:46;Geralyn;Miller;717149800;65;GD 59LA2;15;Y
604;2022-04-12;17:15:08;William;Vannorman;250797928;66;GD N0GLT;26;Y
890;2023-01-07;21:06:40;Alice;Kingston;829745127;67;GA HLK8P;5;N
357;2022-01-03;00:52:14;Carlos;Mara;397523235;68;GA JXACF;17;N
674;2019-04-28;11:22:13;Tracy;Owens;399674500;69;GBY MRT43;18;Y
405;2023-01-30;21:34:01;Suzanne;Olivier;985375269;70;GBY GFRXM;22;Y
152;2022-06-09;16:28:17;Denise;Wallace;125484718;71;GD YH6KE;9;Y
606;2021-03-17;06:51:50;Beverly;Espinosa;076432589;72;GBY KF12S;23;Y
320;2020-06-09;11:44:28;Anastasia;Sippel;422404049;73;GKS 7FW0C;8;N
524;2021-04-06;17:38:36;Charles;Spore;420936391;74;GBY LYTK8;21;N
342;2022-06-13;02:54:09;Roy;Byler;709359692;75;GDA RKW11;10;Y
529;2023-05-13;06:45:38;David;Flanagan;659379023;76;GDA 1HHUF;6;Y
328;2021-06-22;20:52:27;Karen;Jefferies;191960156;77;GS S5TAU;0;Y
752;2020-06-27;20:52:39;John;Loeffel;868623844;78;GDA RKW11;25;N
523;2020-04-29;12:02:52;Dorothy;Wason;213871642;79;GDA 5JUPN;15;Y
19;2019-01-16;19:47:44;John;Eads;833716888;80;GBY 1WU0W;0;Y
469;2021-10-17;22:31:06;Julie;Cameron;718548501;81;GA LK8X8;1;Y
910;2021-01-15;10:12:22;Carolyn;Leon;452862244;82;GS RSWKC;1;N
360;2022-04-17;11:45:44;Deborah;Mitchell;925728645;83;GCZ 00R65;22;N
411;2023-03-05;04:26:18;Albert;Huls;613041601;84;GD 114EU;1;Y
301;2023-02-03;23:29:45;Mary;Immediato;174571197;85;GA ZJRYM;25;Y
71;2021-11-14;18:45:45;Sarah;Piccoli;390430332;86;GND W5E6M;21;N
733;2021-02-04;11:16:29;Lonnie;Pereira;711981357;87;GCH HYSMC;8;Y
729;2023-09-16;17:41:09;James;Brown;309177974;88;GMB AGPLM;10;N
799;2020-12-18;13:42:23;Edwin;Milton;222628015;89;GS U2MY3;14;N
832;2019-11-07;10:26:30;Cathy;Hobson;655157922;90;GKS Z0EZJ;7;N
293;2019-12-02;09:14:22;Wiley;Harden;375430311;91;GD J64GR;15;N
254;2022-01-15;12:25:49;Rebecca;Carter;543497071;92;GKS GPTTF;9;N
235;2022-04-10;09:22:45;Robert;Mcknight;609992954;93;GKA 4A4Z3;11;Y
814;2022-08-06;21:35:52;John;Bonds;836316090;94;GKW X7UUW;14;N
604;2019-07-09;09:58:29;Vincent;Miller;256787545;95;GD CZ25C;7;Y
401;2021-12-16;00:41:03;James;Shell;774328092;96;GND 5X7S9;6;N
478;2023-03-29;23:17:08;Sue;Curry;158549311;97;GA 4YMFT;16;N
435;2019-10-11;12:27:43;Ron;Joaquin;840296133;98;GSP C97NE;4;N
70;2023-09-27;15:23:10;Nancy;Papa;295087835;99;GS MLYE0;3;Y
483;2023-09-05;01:54:51;Shannon;Surgeon;980157423;100;GLE ZCCHE;17;Y
825;2022-10-04;10:37:22;Paul;Davis;428979331;101;GD 9RTU4;17;N
445;2019-08-16;17:22:51;James;Parry;217227422;102;GA F692R;0;N
130;2021-03-22;15:44:29;Monica;Carlson;738948760;103;GBY FEAPC;3;Y
811;2019-05-22;19:06:42;Christopher;Bombich;105171255;104;GS 10T7X;9;Y
735;2022-04-16;08:08:54;Bernice;Polcovich;098256822;105;GKW JS5S1;10;Y
938;2022-03-28;19:47:47;Marilyn;Schroeder;121547952;106;GCZ ESKZP;11;N
515;2021-09-16;20:46:47;Gary;Walters;575312293;107;GD MENNA;1;Y
805;2021-07-12;20:32:38;Thomas;Patten;427205005;108;GMB W4EGA;20;Y
269;2021-01-27;06:38:57;David;Babb;371372014;109;GKS X4ZWJ;6;Y
827;2019-04-12;16:31:52;Wilma;Fusco;878707502;110;GLE PEK9E;2;Y
164;2022-11-26;09:05:24;Kevin;Stokes;852991317;111;GLE C9PXW;16;Y
110;2020-07-07;10:17:28;Craig;Propps;757151963;112;GD 59LA2;25;Y
645;2021-03-16;20:21:46;Henry;Hoover;919154750;113;GA WMX04;1;N
353;2023-06-13;10:38:20;Margie;Gayton;486412609;114;GS YXZKN;16;Y
974;2022-01-17;16:03:57;William;Power;488404815;115;GND 4JUMH;1;Y
459;2022-06-20;07:02:42;Allen;Moon;647201766;116;GD MENNA;1;Y
117;2021-01-04;07:44:19;Larry;Wilkinson;335823767;117;GD 0LPY5;20;N
136;2020-08-20;11:20:13;Annie;Huntsinger;062071253;118;GA REE6P;5;Y
472;2019-11-14;12:35:18;Andrew;Anderson;343469679;119;GA M84U6;1;N
661;2019-11-07;01:23:36;Patrick;Johnson;101110584;120;GD L1X8L;9;Y
182;2021-04-12;13:32:24;Paul;Hayes;194507289;121;GD N0GLT;15;N
502;2019-10-19;08:59:17;Jose;Green;766174411;122;GKS L585R;26;N
703;2019-10-22;05:09:07;Cindy;Smith;453472193;123;GKA ELRZZ;10;N
257;2021-02-23;07:46:49;James;Jacoby;328077715;124;GDA 3505G;25;Y
980;2021-06-10;06:38:44;Jessica;Harrington;985133191;125;GS YXZKN;17;Y
582;2021-10-04;14:13:40;Vito;Holmes;213996020;126;GS 5404C;2;N
875;2020-04-14;04:10:35;Kevin;Tillery;832289978;127;GKA CEC5E;10;Y
844;2022-05-02;22:00:20;Martha;Dunlap;912873893;128;GS 5WKS6;14;N
472;2019-02-09;07:51:30;Charles;Ellsworth;637434177;129;GS 6138C;24;N
320;2022-04-13;15:47:45;Mark;Burris;649033644;130;GKA 9WKP1;25;Y
114;2023-08-27;11:16:24;Steve;Mcvey;270500951;131;GA XAXGY;21;Y
50;2022-10-30;01:22:35;William;Hodges;993484319;132;GLE PEK9E;25;Y
449;2019-09-27;19:28:17;Raymond;Abbe;665682556;133;GLE P6NJJ;15;N
661;2023-05-10;20:24:33;James;Canady;963013163;134;GKS 1MR7C;16;N
419;2020-12-08;11:10:59;Marjorie;Dray;626541001;135;GS YMXUT;9;N
669;2022-11-25;11:39:27;Michael;Footman;219255735;136;GKA 2R6LH;15;Y
479;2023-06-13;21:37:27;Frances;Adams;717216232;137;GBY N8TA3;7;Y
794;2019-12-25;18:44:39;William;Aguayo;381272696;138;GDA TM667;3;Y
314;2022-04-15;09:16:08;Tina;Collins;007751317;139;GD MHR9J;9;N
641;2019-07-21;10:21:11;Ella;Nelson;481234275;140;GS 30NFR;14;Y
941;2023-03-03;14:48:49;Joyce;Odum;674251273;141;GCZ 134S8;9;Y
43;2023-01-20;17:46:46;Jimmy;Portillo;209967035;142;GMB H7U4Z;8;N
31;2023-05-30;10:19:47;Troy;Priolo;693350450;143;GMB 7822J;18;Y
501;2020-10-31;23:05:16;Clare;Gaiser;353205340;144;GS Y1YG3;3;N
95;2022-02-02;17:02:59;Chris;Lea;905284615;145;GS 0S9P3;17;Y
342;2020-07-07;03:09:34;Saul;Joubert;042352347;146;GA PYC9H;17;N
382;2023-11-05;21:36:27;Peggy;Machesky;796956118;147;GA 1WEWK;20;Y
241;2020-06-04;07:06:32;Ryan;Valentine;004786521;148;GCZ UTAHP;13;N
380;2020-01-26;23:39:11;Warren;Butler;442819875;149;GS KCY23;5;Y
278;2021-11-03;21:11:56;Mary;Yurek;356155640;150;GDA 6JK3J;15;Y
728;2020-05-29;00:27:02;Michael;Black;628707190;151;GA 0M553;24;Y
876;2019-04-16;03:10:05;Ethel;Moon;393512167;152;GSP 5L61N;24;N
734;2022-07-27;03:53:43;April;Silva;252704013;153;GS 6M6MW;0;N
890;2021-02-03;04:40:46;Rita;Frank;912162239;154;GD SP0P9;3;N
384;2020-12-23;03:22:00;Marilyn;Carpenter;509596288;155;GA M9EL9;2;N
674;2021-02-11;10:24:29;Lucille;Solis;142229147;156;GCZ YWH3P;22;N
901;2023-08-12;10:13:26;Paul;Landrus;804534174;157;GA 4SYKN;7;N
327;2020-09-18;23:26:17;Freddie;Dougherty;998245599;158;GKS YTTCE;25;N
456;2021-06-05;22:49:59;Jesus;Frantz;469669514;159;GA ZGJLF;23;N
41;2020-11-25;04:47:59;Charlene;Villicana;351945438;160;GCZ RN7KG;15;N
993;2019-09-20;10:49:42;Faith;Kuhn;843195875;161;GKA KCE6M;14;Y
586;2019-07-16;12:53:23;Gregory;Whitson;520122760;162;GD XNUG1;3;N
954;2020-12-21;13:23:47;Dena;Provencal;784159257;163;GKS 7Y4SX;20;N
13;2022-12-31;14:43:20;Kristy;Johnson;601288724;164;GS 26U69;16;N
215;2020-09-05;10:50:02;Mary;Marlowe;489289630;165;GKA JY82X;26;Y
460;2023-08-06;10:06:03;Tim;Koch;283581276;166;GKW S142P;5;Y
910;2020-03-12;10:49:54;Enriqueta;Spear;475653705;167;GA 1JESJ;12;N
321;2021-06-29;18:57:36;Fernando;Barnes;611828902;168;GMB ZXHCY;6;N
860;2022-06-02;15:22:32;Theresa;Mitchell;380513483;169;GLE AJML8;26;N
64;2023-08-06;12:54:06;Mary;Douglas;925225529;170;GD 69CXW;7;Y
842;2021-10-25;14:23:35;Gordon;Stowe;215651926;171;GD EZKRC;9;Y
486;2020-05-06;22:32:30;Fred;Gregory;081094882;172;GA YE97G;14;N
831;2022-10-20;19:05:18;Peggy;Gilmore;695311030;173;GA 32F9K;10;Y
905;2023-06-02;06:23:56;Daniel;Eatmon;441800428;174;GND PP1EJ;5;Y
581;2021-03-10;08:18:34;Michael;Swick;092023543;175;GD 4E51E;20;N
510;2023-10-11;05:25:33;Ronald;Johnson;547488155;176;GMB H65T9;17;N
511;2020-09-30;01:16:18;Linda;Mims;894382732;177;GKW 95TJ7;25;N
589;2020-11-15;09:12:29;William;Blanchard;083013430;178;GDA 1NKU2;21;N
72;2023-03-13;20:24:44;Mark;Newman;719383940;179;GKS Y7E3E;21;Y
645;2022-09-03;11:07:24;Debra;Southern;032671183;180;GD 96YWR;6;Y
561;2020-10-17;04:54:56;Charles;Morris;163171908;181;GA 3R12R;26;N
653;2021-08-13;22:29:47;John;Wood;322407967;182;GA KHLU8;4;N
181;2022-07-19;00:40:05;Deena;Vasquez;273805657;183;GSP 76CKT;18;Y
709;2023-07-31;13:17:34;Rita;Evans;408571260;184;GND 84WNX;7;N
786;2023-10-20;06:25:25;Ophelia;Grochmal;502872668;185;GKW LHR76;0;Y
184;2021-12-24;13:56:50;Rick;Broadway;356481774;186;GCH C91KC;19;N
966;2022-08-27;07:05:07;Mary;Graham;571008704;187;GKW J2HWM;19;N
812;2021-02-21;08:27:15;Sonny;Hudson;282751548;188;GKA KW8N3;8;Y
277;2021-04-06;22:24:11;Robert;Piper;588423857;189;GBY ZM8PR;11;Y
552;2023-07-26;00:40:57;Maude;Blankenship;020884597;190;GLE GG444;3;N
31;2021-01-16;01:14:31;George;Swenson;918932431;191;GD NLCJF;26;Y
254;2023-09-23;21:54:54;Bruce;Edwards;761381248;192;GS 1FFZA;4;Y
7;2023-01-29;04:51:10;Mike;Wynne;231793472;193;GS M0UN8;7;N
836;2022-06-29;17:50:31;Thomas;Williams;460753274;194;GDA 1SWCY;2;N
320;2019-06-24;04:32:41;Bobbie;Baker;008761684;195;GBY EF1AM;10;N
995;2020-05-29;06:26:46;Clinton;Garnett;204533054;196;GLE XSZTK;26;Y
326;2022-11-16;04:10:12;Tonja;Applegate;201980993;197;GBY FEAPC;22;Y
522;2019-04-06;13:32:41;Barbara;Campbell;862311152;198;GS 1CMW4;13;N
317;2023-10-10;22:57:37;Wendi;Larson;161878768;199;GCH 77ZK6;2;N
508;2022-05-05;23:18:35;Mitchell;Parker;709797344;200;GMB H65T9;14;Y
681;2020-07-14;14:56:58;Rosalyn;Barrett;008048804;201;GLE XSZTK;25;N
44;2022-08-08;03:11:36;Michel;Kite;822973432;202;GS Y1YG3;3;Y
681;2023-03-07;18:21:08;Keith;Crawford;205672470;203;GS UMN9F;24;Y
967;2022-10-02;20:43:00;Melissa;Cybart;722478517;204;GKS PX0H3;8;Y
29;2023-03-10;14:00:23;Robert;Small;238038426;205;GS 000U2;11;N
666;2021-08-06;04:52:37;Ernest;Davis;373412599;206;GCH 49HF1;7;Y
752;2023-06-15;20:36:46;Lucille;Rubie;010273857;207;GA HW319;23;N
706;2022-12-30;11:59:56;Jackson;Jones;573294994;208;GS KAA1P;1;Y
293;2023-07-18;21:00:41;Richard;Montague;113619117;209;GSP 89YZP;9;N
436;2021-07-01;23:10:12;Matthew;Senato;976882302;210;GS 5TTKY;24;N
680;2021-03-07;20:04:34;Monique;Huntley;528710661;211;GND 4JUMH;4;N
398;2023-05-16;18:39:47;Lisa;Plaza;547007674;212;GS A66E4;24;Y
264;2020-05-14;21:49:47;Stella;Smith;690341216;213;GA 9CYX4;11;Y
355;2020-07-15;22:35:12;Monica;Orsborn;267432433;214;GA PYC9H;5;Y
717;2022-11-15;15:05:45;Floyd;Johnson;784296743;215;GD T0A6E;20;Y
434;2020-08-01;23:14:47;Frank;Bledsaw;909515419;216;GBY 4ZMU4;4;Y
753;2023-01-13;07:30:42;Karen;Robertson;031285235;217;GD C90CA;17;Y
254;2019-10-14;10:19:35;Matthew;Gibson;256047562;218;GD TLRXK;2;Y
902;2019-04-11;10:48:03;Donna;Scheel;958876304;219;GBY 45L91;22;Y
973;2019-10-08;16:55:06;Kurt;Walter;157838597;220;GDA 1NKU2;3;Y
407;2023-03-07;12:11:53;Jeremy;Martinez;122787107;221;GMB 0L2XL;24;Y
117;2021-05-12;01:59:19;Christopher;Adu;949037936;222;GD UNATA;17;Y
303;2022-12-30;07:19:27;Marquis;Bankhead;265186650;223;GKS 33WLX;22;N
216;2019-06-25;02:05:54;Laura;Woloszyn;231473365;224;GLE M7YYU;2;Y
179;2020-09-02;07:49:46;John;Lindquist;052051160;225;GKS X4ZWJ;11;Y
758;2022-09-13;22:06:06;Omar;Fuentes;094612197;226;GA 38NYA;20;Y
660;2021-11-14;10:42:00;Mildred;Faber;738831655;227;GLE 8Z8AU;16;N
753;2022-10-05;17:24:03;Walter;Cook;462630416;228;GMB 46827;1;N
88;2021-08-12;18:19:50;Robert;Holmes;562834253;229;GND 1WFYY;23;Y
589;2019-01-08;00:52:40;Michael;Glass;458249149;230;GD 2NCZ7;12;Y
138;2022-05-08;09:52:18;Bryant;Flach;684510913;231;GLE 8Z8AU;15;Y
176;2019-01-17;23:08:44;Richard;Patterson;153858433;232;GCZ XMWHW;10;N
328;2021-12-18;22:46:41;Thomas;Claycomb;630184868;233;GKS HYPC5;4;N
393;2022-10-29;18:44:15;Randolph;Davis;157666682;234;GA W73N9;15;N
165;2022-05-02;03:09:25;Mario;Dale;656656814;235;GCH N6SYS;3;Y
80;2020-10-20;00:50:25;Helen;Cone;247620709;236;GA XPXHH;14;Y
483;2021-04-27;22:46:12;Moses;Malone;487381807;237;GD 9Z9GA;24;N
624;2020-04-09;19:43:10;Dale;Childers;327778944;238;GLE X0Z4C;10;Y
378;2020-01-29;16:05:35;Bradley;Rathje;439768216;239;GA T6FPK;16;N
760;2019-08-17;08:44:09;William;Chamberlain;255022531;240;GND PP1EJ;23;Y
89;2020-05-27;15:20:12;Garrett;Dowler;365097176;241;GMB TTAF6;13;Y
473;2023-05-15;06:11:31;Tia;Phu;692654616;242;GSP 76CKT;23;Y
61;2020-01-18;02:12:48;Kathy;Brown;086694560;243;GS LH0GR;18;N
791;2023-10-03;09:56:52;Deandre;Dampier;185140106;244;GBY 46GFK;12;N
120;2023-05-22;14:41:56;Elizabeth;Spears;124745914;245;GA 5S98Z;10;Y
424;2019-01-18;02:07:27;Mark;Williams;130053612;246;GKS 7FW0C;14;Y
513;2022-11-04;06:11:15;Michael;Rheaume;324932918;247;GSP HSYJF;24;N
571;2020-08-28;19:30:15;Derrick;Kelley;377977019;248;GBY 1WU0W;11;Y
243;2021-09-12;19:19:24;John;Guzman;269809733;249;GKS SN8LC;3;Y
277;2020-09-07;21:58:19;David;Williams;862035114;250;GLE TPPUM;3;Y
183;2022-11-19;15:39:58;Barbara;Melendez;804600632;251;GMB U75M2;5;N
574;2023-02-17;17:59:36;Jeremy;Nelson;928621338;252;GA 5UJP7;1;Y
820;2020-01-15;10:17:25;Susan;Williams;737587789;253;GLE 8Z8AU;23;Y
510;2020-09-27;12:28:45;Joseph;Friday;788839006;254;GD 4E51E;15;Y
872;2020-04-18;14:27:37;Michael;Pierce;822402970;255;GS GXE3Y;7;Y
571;2019-12-11;18:41:27;Randal;Casazza;010969005;256;GS CZ3PE;27;N
860;2022-06-20;10:45:10;Tracy;Benson;632286836;257;GLE CK87F;20;N
199;2019-08-04;01:27:37;Sammy;Ader;142334652;258;GMB TZXAX;0;Y
870;2019-12-26;18:23:41;Rafael;Barnard;917397157;259;GS 0SRPJ;1;N
807;2021-10-25;09:06:06;Velma;Keene;436310603;260;GBY 4ZMU4;6;Y
734;2022-07-01;08:22:00;Lara;Picard;843211340;261;GSP US8GC;23;Y
117;2020-04-07;07:04:57;Christine;Perrins;750665300;262;GS 73GW3;19;N
422;2021-02-27;20:44:58;Roy;Grier;600442483;263;GKW JS5S1;16;Y
260;2023-11-02;18:43:59;Mildred;Cheng;388828581;264;GKA KW8N3;18;N
334;2022-10-31;05:59:37;Louise;Kloeck;553850982;265;GKA CEC5E;2;Y
298;2020-11-21;15:54:12;Judy;Shaw;117167726;266;GA LWPU0;27;N
782;2021-12-27;22:02:29;Yang;Walker;417025312;267;GCH EJHGN;26;Y
388;2019-12-28;06:57:00;Alexandria;Burgett;518137363;268;GBY EZEM8;12;N
302;2022-08-23;11:52:59;Timothy;Long;035749212;269;GKS SN8LC;6;N
694;2021-11-05;08:10:40;Lois;Linarez;821599425;270;GD HS2KS;0;Y
545;2022-01-01;17:27:47;Betty;Newman;583687950;271;GS X1X1L;15;N
133;2023-05-30;08:56:09;Jodie;Ivy;554016631;272;GS W4ZW1;18;N
824;2020-06-08;01:48:49;Franklin;Fowler;871408896;273;GD SP0P9;4;N
809;2020-05-28;23:09:56;Marcelle;Davis;195034471;274;GA REE6P;10;Y
842;2020-06-08;17:55:25;Jose;Jenkins;167267656;275;GD 887JF;4;Y
448;2020-12-08;08:55:54;Mary;Garcia;433208656;276;GA CXKJ1;4;Y
800;2021-10-07;18:06:39;Donald;Spooner;553067314;277;GS KMNC7;4;N
480;2020-04-17;06:23:44;June;King;830335009;278;GCH RNA98;12;N
780;2021-09-06;20:04:54;Lynda;Guerrero;123057968;279;GS JCMPM;17;N
398;2020-02-15;00:15:40;James;Mason;137302401;280;GCZ R5JWS;23;Y
254;2021-02-18;16:57:27;Ernest;Rodriquez;063518079;281;GND 8PLKN;13;N
140;2021-05-19;19:52:38;Linda;Weekley;003702539;282;GMB TZXAX;11;Y
302;2019-06-15;23:42:46;Betty;Turney;706834142;283;GMB X0ZCM;0;Y
504;2021-03-03;23:48:49;Nathan;Ratermann;996958585;284;GD SH2ML;4;N
791;2021-06-25;13:50:25;Columbus;English;501935016;285;GDA 0YHNS;8;Y
172;2020-12-04;16:40:16;Sheryl;Holliday;751041680;286;GMB SRM8S;18;Y
804;2020-05-06;02:15:20;William;Sculley;774376292;287;GSP 09MCM;1;N
530;2022-08-08;14:17:27;Oscar;Kirkpatrick;383703151;288;GD 22YCF;3;N
327;2020-01-25;11:25:12;Felicia;Malson;150309345;289;GKA RZWK6;22;Y
529;2021-04-03;21:06:02;Mary;Keshishian;286359149;290;GA 9CYX4;21;Y
757;2019-07-26;12:10:57;Heather;Greer;211460860;291;GND XZ0MS;19;Y
735;2021-07-19;08:13:33;Donald;Nelson;502914652;292;GLE R7GM0;18;Y
71;2023-06-27;12:38:07;Karen;Cannady;678380990;293;GS KCY23;15;Y
886;2022-08-22;23:28:43;James;Bunting;872248386;294;GDA Y3RYA;25;N
862;2021-06-29;17:48:11;Elvia;Crowson;523480806;295;GKS 33WLX;10;Y
179;2020-06-18;14:45:34;William;Schippers;369165183;296;GLE WF78M;25;N
946;2019-10-08;02:43:59;Renita;Durgin;176552680;297;GSP FWZY5;14;Y
24;2021-11-04;07:24:58;Charles;Hawkins;169322325;298;GD NY2L2;24;N
809;2019-01-29;23:27:13;Daniel;Harper;836916444;299;GD 69CXW;27;Y
732;2023-06-13;21:11:24;Robert;Dillingham;257679353;300;GBY LYTK8;16;Y
906;2020-05-09;20:19:54;Louise;Steven;954509539;301;GS 8JP3J;17;N
0;2019-05-15;05:37:13;Julie;Binford;609150370;302;GS J4KPK;17;Y
212;2019-10-26;07:18:02;Laura;Coleman;669284581;303;GA 9A3P0;18;N
422;2023-05-22;20:30:44;William;Salazar;869097596;304;GA 5ASJP;5;N
932;2019-10-31;15:06:44;Edward;Barrett;104706613;305;GSP KX3WT;22;Y
697;2023-10-24;14:53:09;Judy;Wolfertz;725008977;306;GS X1KFF;7;Y
563;2019-05-10;22:17:50;Katrina;Kennon;758012568;307;GS 7EKLL;11;N
672;2020-11-12;22:54:50;Elisabeth;Mitchell;805293806;308;GMB JHRK4;27;Y
997;2022-02-03;13:45:32;Vickie;Birkeland;751133788;309;GS WFN4P;3;N
621;2022-07-17;01:38:49;Martin;Applebaum;558734634;310;GKA 1RFP6;21;N
429;2020-12-22;21:21:27;Laura;Calisto;957430645;311;GKS 7Y4SX;19;Y
199;2020-01-11;09:34:37;Amy;Wilson;106780304;312;GCZ 94JZX;22;Y
17;2023-11-04;15:54:54;Phillip;Whitson;937622991;313;GA G6FU7;5;Y
62;2019-01-30;04:23:12;Bryant;Breen;143374324;314;GA PYC9H;6;Y
334;2020-03-23;09:47:04;Michael;Orourke;278696134;315;GMB 0L2XL;7;N
987;2022-09-22;11:45:57;Heidi;Carr;267703486;316;GBY MRT43;3;Y
718;2019-08-30;11:41:54;Wanda;Glessner;379103040;317;GS LCF4A;14;N
563;2022-11-09;12:19:58;James;Bennett;563169330;318;GDA 5H3RS;23;Y
785;2021-01-11;04:29:44;Mary;Wink;301340404;319;GKA 9WKP1;20;Y
288;2023-11-08;02:13:41;Nicholas;Pedigo;792460314;320;GLE XSZTK;21;Y
837;2021-04-30;02:22:31;Donald;Mcglaughlin;454585264;321;GS 37ECJ;26;Y
573;2019-09-12;08:11:49;Merle;Milan;417615257;322;GD XUMXX;1;Y
90;2021-12-24;14:40:48;Jason;Wheeler;397452734;323;GA M5MRM;16;N
353;2023-07-28;08:04:32;Christopher;Ferguson;671977838;324;GSP 8RYU0;16;N
510;2021-10-08;15:30:08;Eric;Alexander;489387025;325;GCZ FWU71;10;Y
807;2022-08-04;18:00:01;Joseph;Cromer;210874040;326;GBY Y4WG4;14;N
928;2022-09-06;00:55:24;Naoma;Smith;258561888;327;GA T6FPK;13;Y
641;2019-07-19;10:22:00;Hoyt;Larocca;441188072;328;GS Z9S4S;11;Y
288;2019-01-30;08:47:52;Harold;Mcgrath;922498277;329;GMB TZXAX;23;Y
969;2020-04-24;01:44:45;Kathy;Knott;625333793;330;GMB TTAF6;2;Y
808;2023-07-30;16:38:45;Thomas;Lawlor;160556004;331;GA RT1JL;0;Y
650;2022-05-25;06:39:09;David;Mosley;590345834;332;GA U9ZN7;20;Y
542;2023-05-07;12:57:45;George;Rodkey;689983061;333;GKS R99L9;20;Y
691;2021-08-26;16:03:01;Art;Torres;311334686;334;GA JKYNF;25;N
838;2022-01-26;07:59:43;Shirley;Beasley;743150952;335;GS LH0GR;11;Y
350;2019-05-29;19:28:48;William;Lyon;319689083;336;GA 7Z4N4;27;N
376;2019-12-17;20:00:09;Sarah;Reitano;765634373;337;GS YXZKN;4;N
217;2020-07-06;07:54:29;Roger;Jackson;962007365;338;GD MENNA;19;Y
324;2022-08-12;15:44:58;Irma;Wingfield;261418578;339;GMB X0ZCM;23;N
709;2020-10-07;08:03:03;Danny;Fewell;716666860;340;GD EZKRC;20;Y
44;2021-08-02;23:44:33;Bertha;Crawford;598330478;341;GCH N1TNA;25;Y
158;2021-03-05;07:24:59;Hattie;Vargas;917161840;342;GCZ G1LEE;27;N
299;2019-05-10;11:16:31;Teresa;Sanford;672890943;343;GBY U3WL4;11;N
36;2019-02-04;22:26:29;Calvin;Daniels;518870548;344;GCZ 6Z68U;27;N
457;2020-06-20;06:09:28;Michelle;Landis;865900832;345;GCH HARKA;8;N
660;2021-10-15;00:55:44;Robert;Stevens;640547715;346;GMB W4EGA;7;Y
760;2022-07-26;01:50:33;Mickey;Hicks;970782449;347;GA T6FPK;14;Y
710;2022-02-22;05:21:56;Charles;Hall;692092763;348;GS LH0GR;16;N
443;2023-04-10;11:48:21;Mark;Oros;754997515;349;GA CCJES;5;N
490;2021-04-17;08:15:46;Megan;Graves;431078453;350;GS MK8E7;19;Y
880;2022-12-30;13:12:39;Bernice;Hatch;738089863;351;GCH 49HF1;13;Y
58;2019-09-06;02:26:56;Anthony;Bedeau;820859930;352;GD 6YF7M;17;Y
31;2022-08-05;19:09:40;Larry;Fong;167824811;353;GS ACAR6;20;Y
760;2019-04-21;08:27:46;Alice;Ferrell;970248902;354;GS S5TAU;14;Y
722;2022-01-16;07:06:06;William;Mager;917885392;355;GMB FH2HA;5;Y
632;2019-11-04;22:37:22;David;Swatzell;488223255;356;GA ZJRYM;1;Y
14;2022-02-05;10:31:25;William;Higman;493198778;357;GA U62LT;27;Y
465;2020-01-31;10:56:09;Marc;Porter;512843048;358;GKW SP24W;3;N
551;2022-10-19;00:06:11;Erica;Tritt;813228508;359;GND XZ0MS;23;Y
377;2019-06-01;03:34:59;Jeff;Johnson;241228552;360;GD UTXF1;26;N
746;2022-08-18;03:05:14;Paul;Hrabal;522098275;361;GCZ UKWR6;8;N
421;2022-03-09;00:34:21;Michelle;Brown;840941211;362;GKA YYUE0;25;N
565;2020-02-13;02:34:18;James;Gray;624831923;363;GS WYELN;24;Y
945;2022-03-29;07:54:09;Helen;White;683567650;364;GS JP3P5;14;N
634;2020-12-30;15:32:49;Alfred;Schachter;544937179;365;GS CYENF;23;Y
253;2020-05-27;00:49:04;Janet;Rodriguez;337008124;366;GA 5F4FK;13;Y
334;2019-05-09;17:58:56;Silas;Burgess;003804705;367;GS 67MH0;8;N
348;2021-07-12;06:41:47;Jill;Baumgartner;184784020;368;GLE A13PG;26;N
463;2021-05-03;05:37:58;Bonnie;Lawrence;866763294;369;GA HW319;10;N
195;2020-10-30;13:22:20;Marisa;Eakes;900881314;370;GD MENNA;16;Y
78;2022-02-21;07:14:38;Donald;Decambra;967110270;371;GA 0FFUW;18;N
336;2020-05-04;17:55:44;Gayle;Sam;564931242;372;GKW HYW7N;20;Y
861;2022-05-25;18:40:27;Kathryn;Damato;523073315;373;GKW Y9NAF;25;N
493;2021-07-27;01:50:13;Carole;Moncrief;728431422;374;GD FJT53;9;N
428;2021-04-26;22:49:58;Jennifer;Stoeffler;163123806;375;GD WPC0P;7;Y
414;2019-12-24;04:49:19;Leslie;Frankum;168827327;376;GLE M7YYU;1;Y
62;2021-10-29;20:12:54;Raul;Tackett;640348975;377;GND FXUMF;2;Y
984;2019-04-22;23:18:21;James;Lacey;363783380;378;GA CXKJ1;12;Y
980;2021-09-24;01:15:16;Melvin;Christinsen;010022934;379;GS KNAA1;4;Y
509;2021-09-30;06:42:41;Ernest;Murray;635030107;380;GND 6871A;19;N
278;2022-04-23;16:56:40;William;Patterson;245681669;381;GCH 7XYFK;17;Y
991;2021-09-23;08:54:03;Christine;Hale;159737079;382;GCH P14LY;3;N
30;2022-10-31;14:46:19;Shelly;Harris;269287858;383;GKS AUSL3;22;N
85;2020-01-28;19:03:01;Michael;Reilly;566022457;384;GA SP61P;23;Y
230;2019-10-23;10:46:29;Jimmie;Lay;148889512;385;GD CZ25C;9;Y
529;2021-04-09;19:58:00;James;Beeler;098779473;386;GS AEJPS;17;Y
187;2023-10-24;06:07:35;Cindy;Larsen;106846226;387;GS 6M6MW;8;Y
757;2023-01-12;10:41:51;Henry;Unsworth;499623400;388;GLE T842G;5;Y
754;2020-10-13;01:14:27;Doris;Perry;262449528;389;GBY 6MECF;5;N
703;2019-03-31;13:31:59;Frank;Glassman;547049884;390;GKA XRH3E;11;Y
243;2019-09-13;08:45:07;Johnny;Thomas;061816395;391;GCH HARKA;16;N
190;2020-09-15;05:04:04;Alva;Crow;529810677;392;GD 8JJL6;22;N
811;2019-02-14;17:51:46;Floria;Walton;552715371;393;GS LZHC1;13;Y
173;2021-07-17;18:33:26;Audrey;Mervyn;155909230;394;GKW JLY6F;23;Y
507;2020-10-22;04:41:48;Shawn;Trimarchi;560443034;395;GA 9A3P0;27;Y
650;2023-03-07;12:06:16;James;Wilson;068436528;396;GA T6FPK;25;Y
791;2023-06-26;10:57:58;Vickie;Shields;811238207;397;GD 02UU5;11;Y
200;2022-11-20;13:10:50;Mattie;Bridgette;181235961;398;GKW J2HWM;15;Y
698;2023-05-16;18:08:00;Jacklyn;Honeywell;152947590;399;GS UMN9F;13;Y
260;2023-04-26;07:33:22;Nettie;Michaud;807452651;400;GKS P6H2U;21;N
959;2021-08-17;20:37:12;Traci;Ortiz;335019028;401;GBY 0L748;23;N
796;2022-04-12;19:24:14;Christopher;Coates;289546737;402;GBY N8TA3;1;Y
402;2019-10-08;19:53:07;Michael;Smith;912949174;403;GND 7R7E5;18;Y
195;2023-09-08;23:42:00;Jeanne;Mcguiness;372914688;404;GS KJE4S;1;N
621;2021-03-16;04:17:48;Paul;Johns;607667475;405;GSP 09MCM;5;Y
317;2023-07-21;19:05:32;Lloyd;Gange;064961779;406;GA 36M1M;13;Y
573;2021-01-01;08:41:20;Sharon;Morales;130318835;407;GCZ YKN38;19;Y
377;2023-03-18;18:02:20;Eleanor;Holland;223730469;408;GS 0S9P3;4;Y
781;2022-01-05;23:37:07;Larry;Houle;706996383;409;GDA F35M5;15;N
309;2023-07-26;13:39:55;Julie;Walstrum;701497374;410;GBY M6F47;25;N
792;2020-12-07;14:46:35;Palma;Aumick;951515351;411;GKW J2HWM;0;Y
800;2022-11-20;08:49:59;Robert;Charles;159137066;412;GA EX870;26;Y
830;2019-12-17;11:46:35;Gregory;Hines;938965087;413;GA MY599;23;N
753;2020-10-31;01:23:09;Jerry;Pundt;198752592;414;GSP ECPY5;6;N
318;2021-02-11;22:08:30;Rebecca;Jernigan;320309237;415;GLE UTN13;13;N
484;2022-09-15;06:01:59;Vernon;Eure;876141122;416;GKW 95TJ7;8;Y
580;2019-03-15;08:53:19;James;Mortimer;389417971;417;GA G6FU7;20;Y
528;2019-01-05;03:38:03;John;Lindgren;863809301;418;GS 489Z5;17;Y
769;2021-09-04;22:29:21;Paul;Klein;514770570;419;GA 1X6ZT;8;Y
503;2021-06-24;17:31:56;Gladys;Gravitt;598368277;420;GD 4AK6R;10;Y
863;2022-08-11;10:56:22;Mary;Trappey;436553907;421;GBY 4YP7J;4;N
347;2019-06-16;11:47:38;Audrea;Smith;802871883;422;GA 1ZSYC;7;N
177;2020-01-25;08:45:50;Joe;Lewis;051688258;423;GLE KS40E;24;Y
318;2019-12-02;17:21:50;John;Sandmann;117065655;424;GKS R99L9;7;Y
319;2021-04-21;07:12:54;Jacqueline;Revis;900079640;425;GKA 77X3J;17;N
856;2020-05-06;14:56:05;Gary;Suarez;871840383;426;GND 10N7F;16;Y
939;2023-03-29;02:31:35;Craig;Smith;518405931;427;GS WMW7W;16;N
339;2022-07-28;03:54:10;John;Case;176101285;428;GCZ 7W0XU;14;Y
362;2023-07-07;08:04:24;Barbara;Hernandez;985587440;429;GA 341UP;7;N
39;2022-07-21;16:28:19;Julio;Pham;596366403;430;GA LWPU0;2;Y
621;2023-08-06;12:34:34;Jewel;Miller;199898326;431;GS KNAA1;14;Y
750;2020-12-14;20:43:17;Susan;Hargrove;355421041;432;GCH GT82C;2;N
976;2020-01-28;18:08:51;Michael;Drake;845518238;433;GD UG1RJ;6;Y
439;2022-07-30;23:27:13;Brian;Norton;802166995;434;GMB H7U4Z;25;Y
634;2022-12-11;19:24:17;David;Debose;094388212;435;GS 6138C;20;Y
418;2019-10-03;04:30:13;Thomas;Potter;303337810;436;GS 2Y2P1;22;N
842;2022-01-06;09:16:57;Linda;Ziegler;581011821;437;GS 2GCRA;3;N
697;2021-10-27;06:20:18;Nancy;Sutton;476627118;438;GA PMYHW;24;Y
939;2023-06-20;03:02:45;Joseph;Cassell;818731625;439;GS S5TAU;17;Y
552;2020-12-02;15:30:55;Joseph;Whitehead;719381657;440;GD A7R9J;6;N
833;2023-07-20;22:51:18;Denice;Helbig;244116294;441;GD JPG0L;23;Y
887;2023-01-23;05:21:01;Keith;Kho;902189668;442;GLE 37JS2;8;Y
434;2022-09-02;20:21:43;Lawrence;Tanner;129377019;443;GA P0KAM;14;N
901;2021-02-25;10:39:28;Larry;Smith;979021586;444;GKW R051E;16;N
525;2020-07-15;12:51:48;David;Eades;312115671;445;GKW T48R7;7;N
220;2020-08-08;16:00:08;Jennifer;Anthony;281550021;446;GKW LHR76;4;Y
629;2022-03-09;17:23:04;Joyce;Kleckner;604959374;447;GA 0M553;1;N
609;2019-08-25;07:12:32;Nicholas;Fast;822292124;448;GS FL7Y3;0;Y
242;2020-02-26;03:52:33;Laura;Curran;069531847;449;GKW MGFR8;6;N
373;2019-06-28;13:44:54;Cheryl;Lai;591129145;450;GD MENNA;13;Y
93;2022-02-12;05:04:57;Kurt;Jeffries;609806686;451;GBY L43M7;25;Y
163;2021-11-02;06:03:31;Loretta;Emerson;967672241;452;GA PMYHW;4;Y
465;2020-01-06;00:54:44;Leslie;Parsons;349610585;453;GA 5S98Z;20;Y
98;2021-10-05;02:00:06;Irene;Dowler;061445374;454;GS M5W25;23;N
899;2021-11-13;03:27:14;Marian;Hopper;806340405;455;GS 4XYRC;3;Y
89;2023-01-01;01:16:09;Russell;Hollingsworth;623577674;456;GA GUWML;13;Y
765;2022-01-24;16:22:25;Martha;Coger;559655708;457;GDA 1HHUF;5;Y
211;2023-10-03;03:09:50;Earl;Sharp;981894135;458;GD 68M8F;20;Y
4;2022-07-09;18:03:24;Phillis;Moore;068751452;459;GBY E0MER;3;Y
524;2019-07-29;03:41:52;Alexander;Tellis;646916895;460;GS SGH73;16;Y
312;2020-05-10;19:24:23;Winnie;Johnson;460362090;461;GD SH2ML;8;N
796;2020-03-20;18:27:36;Julio;Lane;860449400;462;GKW LWFTE;26;N
875;2019-10-21;04:36:45;Jefferson;Ibarra;210470060;463;GA 02LRP;4;Y
258;2021-05-12;12:59:15;Christine;Schacht;904733944;464;GD HS2KS;23;Y
715;2023-02-20;09:27:34;Richard;Peters;297480802;465;GBY 1NW9S;4;N
700;2022-12-07;22:23:18;Barbara;Lahti;887714212;466;GA PHLK0;1;Y
957;2021-06-20;04:49:18;Mary;Johnson;848528602;467;GD 02UU5;9;Y
718;2020-02-05;09:05:02;Steve;Kenney;697281143;468;GS LZHC1;13;Y
672;2020-06-02;09:22:08;William;Ware;422005868;469;GMB JHRK4;21;Y
854;2022-07-06;20:38:28;Opal;Blair;850750560;470;GBY G7NT2;13;Y
518;2022-07-21;08:24:51;Terri;Roy;545205740;471;GKA R876N;17;Y
403;2023-08-12;15:23:38;Ruby;Stanick;154278315;472;GD J6G2T;15;Y
621;2020-06-30;19:08:11;Misty;Gerardi;183528969;473;GSP M840L;4;Y
455;2023-02-20;02:26:03;Steve;Brant;926768368;474;GD UNATA;11;Y
72;2023-08-13;09:31:55;Carl;Edwards;964896461;475;GA 11KAE;20;N
447;2022-09-30;11:30:19;Forrest;Holt;269922025;476;GKS SN8LC;24;Y
733;2019-10-16;08:45:26;Amanda;Santangelo;720704740;477;GA 86W30;21;N
622;2020-10-12;05:32:37;Marc;Franklin;348457976;478;GA 1X6ZT;12;Y
867;2023-05-09;00:21:06;Darrel;Bailey;257717732;479;GD X9EMW;22;N
776;2021-01-18;20:46:35;Wilbert;Robinson;993598274;480;GBY FEAPC;21;Y
33;2020-09-27;09:05:38;Virginia;Carr;918672399;481;GMB E6L46;14;N
969;2023-03-02;13:31:24;Richard;Carr;626079208;482;GKW 0XFLF;3;Y
516;2020-02-27;11:59:26;Gary;Breiner;834183991;483;GS LWMZX;4;N
804;2020-05-05;00:04:17;Denise;Vien;117410410;484;GD UG1RJ;10;N
565;2019-11-13;22:27:33;Richard;Harris;288379245;485;GD CP3G8;19;N
263;2021-12-05;18:38:33;Shane;Whitcomb;473646325;486;GCZ 4GFS1;21;Y
112;2022-05-12;23:36:12;Isaac;Liles;992903471;487;GKW HYW7N;22;Y
987;2020-04-19;11:45:13;Amelia;Tobin;222260459;488;GA SG3TE;1;N
793;2019-03-28;09:14:59;Leonard;Tillman;200891819;489;GS P1HPG;9;Y
468;2020-03-27;05:02:50;Houston;Epps;935023372;490;GD 9NMML;24;Y
294;2020-01-12;00:01:39;Sallie;Williams;115326256;491;GA AMK6J;20;Y
301;2023-09-28;20:26:08;Anthony;Wright;743785789;492;GS A66E4;16;Y
957;2019-01-11;09:56:27;Raul;Ocheltree;119232099;493;GS 7Y6H4;27;Y
700;2023-03-14;20:44:05;Gladys;Rodriguez;416609070;494;GS 10T7X;21;Y
830;2019-11-29;22:01:24;Joan;Parvin;169789745;495;GSP N818N;24;Y
301;2023-01-06;13:43:18;David;Clark;953101710;496;GA AALJU;26;N
149;2020-06-24;07:12:52;Andy;Smith;611496971;497;GS SGH73;18;Y
630;2020-06-13;19:27:40;Debra;Kaiser;808996622;498;GA JXACF;8;Y
551;2022-02-20;02:47:06;Erin;Gonzales;440866848;499;GD NY2L2;9;N
483;2022-10-08;08:34:15;Gilbert;Browder;778718984;0;GKW 95TJ7;0;Y
951;2021-01-07;22:12:35;Veronica;Jeffcoat;446199295;1;GND NH46E;7;N
469;2019-01-29;15:48:46;Yvonne;Hill;774618768;2;GCZ 94JZX;25;Y
361;2022-12-07;12:42:36;Harry;Howry;101442084;3;GD ZT9PA;16;Y
859;2020-04-14;00:27:23;Lorrie;Nicholson;434676158;4;GA P1LK1;16;Y
286;2020-08-10;21:55:59;Brandon;Weiss;994868094;5;GND 6871A;20;N
741;2021-07-29;17:06:16;Dorothy;Mathis;339850961;6;GA 5SW83;15;Y
227;2019-11-14;21:50:43;Connie;Sotto;156384121;7;GS KEMSG;11;N
643;2023-06-14;16:31:16;Afton;Brockman;570786227;8;GKA YYUE0;11;N
164;2023-04-21;17:26:40;Sarah;Valdez;773227298;9;GKS H03F3;0;Y
0;2020-04-09;07:05:18;Leonard;Oliveros;353538666;10;GMB X0ZCM;24;N
696;2022-05-18;07:03:33;Keri;Abbate;659268576;11;GD RKKF9;23;N
220;2022-09-24;03:14:48;Erica;Troyer;457659681;12;GS 1EA9A;19;N
441;2019-07-16;02:52:41;Carrie;Shelby;953768566;13;GS A7GXE;10;Y
367;2022-07-06;15:44:26;Esperanza;Thomas;544970289;14;GD ZY2RT;14;Y
295;2021-01-31;02:34:15;Michael;Wheatley;366720091;15;GBY FMY6M;14;N
254;2022-01-21;18:11:18;Edwin;Bentz;306406710;16;GD WNE9N;22;Y
830;2022-05-29;20:04:16;Willie;Hoyt;035186623;17;GCH HARKA;5;Y
813;2020-06-30;13:55:27;James;Elliot;508832769;18;GS AEJPS;1;N
417;2022-07-23;00:24:07;Claudia;Clark;992647157;19;GD WG3Y0;14;Y
751;2022-01-26;08:55:41;Carl;Nix;131804361;20;GD KK9H8;14;N
29;2021-09-01;21:20:15;Albert;Flood;402389176;21;GS XYULY;22;Y
304;2021-08-02;10:06:36;Susan;Pliml;041852352;22;GDA HSNYW;10;Y
640;2021-11-06;03:21:34;Stephanie;Crawford;851221119;23;GD 114EU;1;Y
193;2023-06-18;11:09:07;Osvaldo;Johnson;526602575;24;GKW 95TJ7;8;N
639;2020-05-20;19:19:24;James;Peralta;618390363;25;GKA KW8N3;26;N
70;2023-02-08;12:13:29;Oscar;Koopman;194982189;26;GS 10T7X;25;Y
296;2019-04-16;15:27:42;Scott;Sroka;918250818;27;GDA H48RP;15;N
98;2021-03-19;13:13:20;Tina;Jose;252644940;28;GS 7EAE1;0;N
649;2020-01-12;20:49:52;Gabriella;Prestidge;030719818;29;GLE R9AKC;18;N
612;2022-05-25;08:43:53;Chris;Chaffin;831922494;30;GKS AUSL3;10;Y
793;2021-03-18;18:27:29;Justin;Fowler;313780992;31;GA WSW26;23;N
887;2019-02-10;07:59:51;Robert;Katz;195531811;32;GKW 8RY3N;27;N
500;2021-08-23;02:00:37;Annie;Corey;295767170;33;GD 4AK6R;20;N
771;2020-09-19;06:05:15;Paul;Johnson;723255661;34;GKS 381SA;27;N
693;2021-01-07;19:19:16;Samuel;Turner;251899786;35;GD L0JNU;5;Y
673;2019-02-25;14:08:05;Roger;Perault;073484693;36;GD EH741;1;N
548;2020-11-27;09:24:31;Alvaro;Borkowski;070376406;37;GA XJJJS;13;Y
126;2020-09-15;23:14:07;Matthew;Judon;909938788;38;GS PW356;17;N
590;2021-05-12;22:44:41;Tabitha;Kopplin;977716129;39;GBY GFRXM;5;N
443;2023-04-09;10:39:20;Miriam;Pettiway;439582276;40;GS A7GXE;26;N
892;2022-04-09;02:17:09;Sharilyn;Wright;262162475;41;GND K35Z9;14;N
375;2020-08-28;22:47:55;Alfred;Moran;090470888;42;GA T6FPK;11;Y
966;2023-07-18;19:07:00;Simone;Ford;569635216;43;GS Y2P41;11;N
286;2019-04-10;03:54:03;William;Jensen;098672467;44;GKS E4JN0;4;N
887;2023-04-14;23:58:15;Neal;Berry;631964316;45;GKS X4ZWJ;19;N
493;2020-06-15;11:26:46;Patrick;Chadwick;596723330;46;GS ZE3Z8;7;N
945;2023-06-17;21:14:16;Salvador;Tape;339516806;47;GD J29W9;27;N
678;2020-05-04;08:18:41;Jennifer;Stanesic;149958931;48;GA Z11U8;25;Y
476;2022-03-17;03:32:26;Jennifer;Golden;167426216;49;GD 31SLM;12;N
936;2022-10-24;15:59:21;Joyce;Claassen;608684424;50;GMB FR0NX;17;N
498;2020-05-17;00:55:25;Terry;Arbuckle;407505362;51;GLE 421H4;10;Y
804;2019-09-03;13:04:44;Doris;Knoll;073446757;52;GD 0UAN1;8;Y
856;2020-01-05;04:08:50;Ernest;Hernandez;234110029;53;GD 3SLL8;4;N
595;2020-08-15;19:21:35;James;Furr;565015346;54;GKS 33WLX;8;Y
826;2023-08-01;21:34:09;Samantha;Gulke;606429297;55;GD 8KWH1;17;Y
315;2019-09-28;12:53:45;Stephanie;Baird;800996311;56;GS ACAR6;25;Y
324;2023-01-11;14:00:17;Joseph;Edwards;805982774;57;GS Z9S4S;4;N
568;2022-02-02;18:11:15;Gregory;Mckee;562551961;58;GS GKM6E;17;N
89;2022-05-09;04:01:59;Sherise;Brown;933433419;59;GS SX0F6;9;N
748;2019-02-08;02:35:17;Joe;Wise;549766881;60;GND 7A66A;17;N
529;2022-07-18;09:51:20;Amanda;Beltrame;325189606;61;GD HS2KS;25;Y
634;2022-12-15;20:43:23;Diana;Walker;882000175;62;GD JXHKG;0;N
295;2022-08-19;10:22:02;Stanley;Cuevas;627915659;63;GS FW4MW;15;N
908;2023-06-18;19:53:12;Paul;Pomeranz;025520757;64;GND 4WE4R;10;Y
752;2020-07-11;14:24:58;Junior;Noel;734506551;65;GBY EZ3XX;3;N
247;2019-07-25;09:46:37;Ana;Cruz;092548144;66;GD ZY2RT;15;Y
166;2021-03-22;16:15:55;Robin;Poulsen;251415229;67;GS TR8SM;7;Y
318;2021-02-20;03:26:18;Nicholas;Torres;584057322;68;GD 59LA2;14;N
860;2021-09-18;10:20:55;Edith;Davis;492714434;69;GCZ G0MAZ;25;N
348;2022-05-30;00:56:25;Esperanza;Franz;617669702;70;GDA 6SPYJ;0;N
248;2023-04-25;23:04:40;Elaine;Naquin;681827687;71;GD JPG0L;22;Y
599;2023-07-18;17:15:15;Cinthia;Ramirez;340878863;72;GKA 2MSZ4;13;N
840;2020-02-23;00:11:53;Rudolph;Gallagher;231021278;73;GS TR8SM;7;Y
420;2020-05-08;07:51:29;Paul;Evans;155652464;74;GBY LYTK8;11;Y
406;2021-04-06;09:11:20;Robin;Rosario;067022079;75;GS XGEMS;5;Y
634;2020-08-22;14:28:35;Kristin;Lewis;987801419;76;GS M5W25;4;Y
350;2020-02-18;12:40:44;Stephanie;Crawford;848124433;77;GD MENNA;17;N
358;2019-03-26;17:18:33;Javier;Hatfield;016245993;78;GD 4C9L1;14;N
64;2022-10-25;03:40:47;Catherine;Griffith;868470821;79;GKW 3F648;14;Y
32;2021-10-30;22:25:59;Jerry;Baldwin;057813788;80;GS 6XCMG;17;N
543;2021-04-29;12:04:28;John;Butler;272845887;81;GKW SKGUE;19;N
87;2022-05-25;10:06:19;Rebecca;Phillips;954143292;82;GA CKZEE;1;N
276;2022-02-01;08:33:22;Rachel;Rose;167811191;83;GA REE6P;27;N
149;2020-05-19;12:13:24;Ann;Barbre;977251237;84;GD F4AFW;3;Y
565;2019-05-07;06:40:42;Jessica;Tinney;365344655;85;GBY TFPRY;3;N
85;2022-06-26;07:01:44;Jeremy;Santos;079345519;86;GKA G2N80;18;N
215;2020-07-21;07:32:20;Alan;Ramos;561186852;87;GD EZE25;19;Y
386;2021-07-21;09:00:38;Paul;Hunter;242760020;88;GBY FEAPC;8;Y
889;2020-07-13;03:14:41;Sheri;Klimczyk;775366433;89;GMB WXMJY;19;Y
850;2020-08-01;07:27:26;Hattie;Thomas;041388652;90;GA WK0C6;18;Y
690;2020-08-30;20:45:37;Doris;Edwards;096597874;91;GKS 2U890;3;Y
782;2022-10-01;08:47:36;Rosalinda;Carney;677381810;92;GA FS1C4;5;Y
522;2023-09-06;10:59:18;Jeff;Borjon;652726277;93;GKA WEJNT;5;Y
624;2022-08-28;00:33:13;Diane;Ramirez;003248127;94;GD GPA9Y;3;N
460;2020-10-07;19:09:38;Angelyn;Logan;546369596;95;GD F4AFW;16;Y
455;2023-07-10;22:05:32;Alexandra;Fullilove;759397148;96;GCH TKEHW;25;N
227;2021-06-28;09:54:14;Rita;Miller;601049687;97;GCZ N59CG;4;N
887;2020-10-28;19:20:42;Patricia;Mccray;768733556;98;GKW Y5W7J;5;Y
50;2019-06-30;16:40:43;Michael;Crissman;881645636;99;GA 1TRZ2;9;N
