id_pracownika;data_wpisu;godzina_wpisu;imie;nazwisko;nr_telefonu;id_zgloszenia;zglaszany_numer_rejestracyjny;powod;potwierdzone
391;2019-03-04;11:51:04;Van;Maisonave;619059496;0;GKA 26PFJ;10;N
841;2023-03-05;04:22:06;Keith;Mickey;657437391;1;GKA 26PFJ;24;Y
720;2019-06-21;03:05:09;Helene;Badman;269025559;2;GMB RJ3EE;24;N
481;2021-08-01;12:40:53;Keila;Jeffries;554781453;3;GD 220ZL;11;N
889;2023-10-13;06:42:11;Sherilyn;Bain;309820242;4;GKS 8S76A;21;N
276;2020-08-05;18:46:00;Michael;Filip;865507131;0;GCZ 5E3Z5;20;N
559;2019-04-05;20:30:04;Carol;Comstock;968120677;1;GBY 9TK15;18;N
