id_pracownika;data_wpisu;godzina_wpisu;imie;nazwisko;nr_telefonu;id_zgloszenia;zglaszany_numer_rejestracyjny;powod;potwierdzone
483;2020-09-16;01:50:24;Cynthia;Donohue;698153942;0;GS 0TJZW;26;N
94;2019-05-09;17:08:52;Sandra;Molnar;582113051;1;GA 2ZG1K;16;Y
307;2020-03-27;16:05:37;Jason;Speziale;430986903;2;GA M64UU;15;N
402;2019-11-24;07:30:16;Sandra;Brooks;717790706;3;GS JFZ01;2;Y
555;2020-07-31;00:13:58;Irma;Bussell;233889743;4;GD ST5UR;20;Y
538;2021-10-05;19:25:51;Nathaniel;Underdown;608040395;5;GMB HLH86;23;Y
606;2019-11-18;19:01:54;Micah;Brown;507918693;6;GS L0W9F;1;N
810;2020-10-11;03:37:15;Katherine;Schuck;556685592;7;GCZ RT12C;19;Y
962;2019-04-14;04:04:25;Dewey;Martin;953118416;8;GA YLAUJ;1;Y
295;2021-02-24;02:51:58;Terry;Nielsen;124267583;9;GLE ANK03;24;N
807;2021-09-27;20:31:31;Darren;Hubbard;176397968;10;GD N0A27;8;Y
163;2020-08-12;00:55:10;Janis;Nunez;497412325;11;GD S6CFP;27;Y
924;2020-01-21;07:14:20;Manuel;Fernandez;738055426;12;GCZ KP997;22;Y
465;2019-12-02;09:32:24;Alvina;Norris;406379585;13;GLE X8C8J;16;Y
643;2019-10-25;14:39:11;Susan;Shaw;407484555;14;GS SU87T;21;N
70;2021-06-06;17:08:25;Lisa;Willson;936011850;15;GKA N3AZY;19;Y
557;2021-10-26;00:57:09;Laura;Robillard;393465595;16;GD 7T6CM;27;Y
87;2021-12-25;05:01:45;Thomas;Leister;432754155;17;GD MYTZS;27;N
166;2021-12-29;17:07:19;Joann;Nievas;093521222;18;GA 88EM8;11;Y
48;2019-10-23;10:19:09;Sarah;White;225924125;19;GS CXR47;16;Y
449;2021-06-03;03:04:17;Thalia;Karge;739640197;20;GD XZ8T3;19;Y
105;2019-10-27;13:05:30;Lorraine;Yokota;757259672;21;GCH 0W2K9;25;Y
121;2021-11-18;20:15:01;Lizbeth;Cole;614801459;22;GCZ 2U07P;5;N
116;2020-12-11;19:05:13;Grace;Demarest;516017325;23;GD TGFXY;19;N
772;2019-04-06;00:21:59;Alfredo;Peevey;171675527;24;GA FT3W1;23;N
8;2019-08-31;05:11:08;Lois;Storck;357751117;25;GBY 9A9ST;24;Y
974;2021-12-04;07:58:49;Geoffrey;Carmody;076867069;26;GA Y8SXP;25;N
737;2021-07-05;22:22:46;Ruben;Wright;844713019;27;GA 5M9XL;6;Y
213;2021-07-24;21:58:24;Belle;Vinson;665134244;28;GS 3YXH6;22;Y
431;2020-11-26;22:26:19;Jason;Shores;010082176;29;GA XCE94;12;Y
283;2021-06-02;22:05:30;Stanley;Brown;428681422;30;GMB 2A0P6;0;Y
357;2019-06-16;06:25:57;Ahmad;Cutwright;510940342;31;GKS W6C83;8;N
446;2021-12-31;15:25:00;Joseph;Moskovitz;256257817;32;GA FRF6G;27;N
676;2019-03-05;20:38:55;Milton;Sabala;945542128;33;GMB 30HWJ;19;Y
298;2019-01-12;19:35:46;Jessia;Figueroa;092244815;34;GS CALCM;24;Y
530;2021-12-24;21:42:38;Gwendolyn;Reagon;284129696;35;GS S59TF;11;Y
215;2019-01-22;22:32:55;Eduardo;Mercado;014049365;36;GND HRPHA;23;Y
877;2020-03-15;04:33:04;David;Molina;531264676;37;GKS HLMWK;12;Y
267;2020-03-12;10:59:25;Carmen;Clarke;195648657;38;GCH 0W2K9;0;N
901;2020-02-01;15:50:01;Kevin;Ansel;039971533;39;GBY 4ARSH;10;Y
717;2021-02-16;21:25:46;Hector;Grosser;984585577;40;GKS EHSWC;0;Y
342;2021-01-06;03:49:02;John;Stuckey;537528167;41;GA YLAUJ;9;Y
921;2020-01-03;10:19:09;Robert;Martinez;673467708;42;GBY XPHFF;26;Y
10;2021-11-12;12:25:22;Lindsay;Lukach;998806818;43;GA KPRGX;27;Y
393;2021-02-26;13:52:35;Paul;Laughary;999268494;44;GSP PPGLS;26;Y
107;2021-03-05;12:29:58;Edwin;Yuste;047164516;45;GD 7T6CM;21;Y
662;2020-08-30;18:50:13;Joanne;Gray;233188157;46;GA C7233;3;Y
42;2021-02-07;04:43:54;Richard;Janousek;696027510;47;GS 0NL49;10;Y
527;2020-06-07;11:09:14;Charles;Staley;239190409;48;GBY LXPLM;1;N
824;2021-11-08;02:30:28;Jonathan;Miller;607305494;49;GA 2MT2P;15;Y
774;2020-10-19;18:08:31;Patricia;Renz;463569739;50;GS 9SU3T;27;Y
209;2019-04-14;04:45:10;Michele;Launderville;051466251;51;GS 872UL;9;N
499;2020-04-24;23:53:59;Edwin;Patton;266607307;52;GBY XPHFF;7;Y
829;2020-02-08;16:43:06;Stacy;Hunnings;866112489;53;GA 08AMP;13;Y
55;2019-02-12;02:11:04;Elaine;Lovins;939517699;54;GA 94JN9;22;Y
136;2021-05-05;10:20:47;John;Terry;330070434;55;GD XZ8T3;20;Y
860;2021-12-20;18:39:40;Mary;Conrad;398537406;56;GCH N3WFK;21;Y
668;2020-09-09;09:06:45;William;Jung;957751037;57;GDA 28UES;7;N
254;2020-05-06;19:42:57;Jesse;Smith;678453341;58;GD N0A27;18;Y
698;2020-05-11;03:45:20;Darren;Portillo;856782908;59;GD TXXSN;15;N
384;2019-09-03;14:35:06;Beverly;Abram;597353172;60;GA MR49E;8;N
858;2019-04-02;23:28:14;Terrell;Turrubiates;135132956;61;GKS W6C83;27;Y
645;2020-03-20;09:31:25;Courtney;Barkley;025826431;62;GD NR36J;18;N
890;2020-07-24;15:36:19;Hubert;Batson;076140034;63;GA GFWLP;27;Y
752;2021-04-03;08:11:50;Ramona;Mulford;789361262;64;GKS NP4WL;25;Y
899;2019-12-15;01:42:35;Gary;Brown;954146322;65;GD 78Y47;23;Y
990;2021-04-30;17:26:31;Cynthia;Chavez;538854825;66;GCZ HGLAM;26;Y
422;2021-07-26;21:49:32;Christopher;Lindberg;813249370;67;GKW YXX2N;8;Y
839;2020-08-02;10:31:44;Kathleen;Hoerner;156306044;68;GMB FEH15;12;Y
625;2020-08-20;16:27:01;Zoe;Smith;233162641;69;GA X078J;26;N
371;2019-09-27;10:44:04;David;Knaff;638890692;70;GND CRG96;15;Y
840;2021-02-05;17:33:58;Vanessa;Garcia;548689153;71;GD RGNZA;16;N
372;2021-03-10;14:01:59;Michael;Taylor;251860394;72;GD MYXST;7;N
430;2020-09-18;15:08:30;Todd;Baker;849576718;73;GS CYTWU;14;N
649;2019-11-20;16:37:48;Dale;Baker;681857234;74;GD EY50J;18;Y
257;2019-04-05;18:32:39;Fred;Tonkin;343067093;75;GS 9SU3T;4;Y
79;2020-10-23;18:49:56;Sherry;Pickard;393113832;76;GD J62EN;12;N
472;2020-03-25;08:20:33;Lisa;Jackson;920288423;77;GND 8WH3J;25;N
6;2021-05-18;19:49:02;Jae;Johnson;137403990;78;GD TGFXY;5;Y
72;2021-07-07;22:41:22;Brian;Sawyer;935912069;79;GA KER82;20;Y
32;2021-11-11;17:13:53;Edith;Zapata;567450665;80;GMB SRH5H;15;Y
431;2021-06-14;05:44:55;Kathleen;Blue;789904387;81;GA KER82;10;Y
158;2021-03-04;17:13:41;Virginia;Scott;615086569;82;GS MCZM9;5;Y
994;2020-10-18;14:09:23;Mary;Wheat;299710113;83;GCZ HGLAM;3;N
237;2020-08-15;14:45:04;Lionel;Burton;506164786;84;GKA N3AZY;17;N
480;2020-08-07;14:21:10;Richard;Matthews;034275724;85;GCH NA89S;12;Y
819;2020-10-03;03:54:46;Natalie;Patton;394240604;86;GLE 1LA6J;22;Y
799;2019-05-23;20:59:22;Carlos;Craig;146182268;87;GD Y5K4S;9;Y
456;2021-02-21;20:21:51;Kim;Allen;193857941;88;GA Y8SXP;16;N
858;2021-07-16;19:51:49;Carolyn;Lovan;761657765;89;GKS HLMWK;20;Y
581;2020-10-29;14:38:29;Dorothy;Winnie;269228945;90;GKS YN083;12;N
798;2020-05-21;12:25:39;Thomas;Waligora;283771997;91;GMB 6U4KT;1;Y
98;2020-11-03;12:48:02;Mary;Prach;699026240;92;GBY ZT3NE;10;N
719;2019-10-02;10:20:24;Addie;Carr;792732390;93;GKA 7RNSP;22;Y
260;2021-01-03;02:40:18;Daniel;Grant;201132808;94;GS RC4T1;22;N
603;2021-10-08;09:56:38;Angelica;Brugger;645359323;95;GLE FSZ5E;5;Y
359;2021-02-11;20:28:32;Yvonne;Billings;223654425;96;GA X078J;11;Y
830;2019-10-01;10:34:40;Milton;See;584881303;97;GKW 0STCP;12;Y
55;2019-11-30;23:36:07;David;Acosta;152310065;98;GMB 6U4KT;18;Y
675;2020-07-05;10:27:48;Mina;Zeiner;447609367;99;GMB FEH15;7;N
950;2021-03-12;23:41:51;Gerard;Kuziel;500367213;100;GKA H93GZ;3;N
733;2019-05-27;23:43:13;Eugene;Faulk;564633582;101;GND 8WH3J;15;Y
143;2021-09-28;16:43:45;John;Travis;819783456;102;GS ELUSP;3;Y
604;2020-07-15;03:40:47;Loren;Bunn;665061905;103;GA CH0KR;2;N
23;2020-02-20;09:31:27;Zachery;Huddleston;372034884;104;GD RSEYP;4;N
96;2020-05-31;05:40:16;Jose;Gonzales;237736694;105;GA 2MT2P;10;Y
470;2020-05-17;20:47:03;Carl;Abraham;708137961;106;GKS RHEZJ;23;N
296;2021-10-12;15:07:14;Martha;Ellis;672522899;107;GS GEZM8;2;Y
446;2020-12-18;07:06:07;Jessica;Wilkinson;788460072;108;GS PY0FZ;14;Y
513;2020-01-05;04:03:24;Jesse;Preyer;035570852;109;GMB 30HWJ;14;Y
865;2021-01-08;11:45:38;Carrie;Newton;868980057;110;GBY JX6LL;22;N
431;2020-04-04;18:56:35;Will;Hernandez;844238439;111;GA MW63K;4;N
287;2020-08-30;15:00:12;Lynelle;Adams;963598324;112;GKA AY8JJ;11;Y
498;2021-01-23;05:03:14;Lisa;Adams;642917875;113;GA MR49E;4;Y
761;2019-06-16;10:19:24;Nancy;Dunleavy;249774831;114;GS JFZ01;8;Y
336;2021-09-30;06:53:14;Fernando;Teran;375933718;115;GSP YNKWS;19;N
884;2020-03-26;13:48:51;Stacey;Frampton;051148059;116;GA JK16A;9;Y
838;2021-03-04;01:44:34;Juan;Collins;720505916;117;GS MCZM9;4;N
53;2020-08-27;19:29:54;Fred;Sotelo;297726674;118;GS 0NL49;21;N
958;2020-01-25;23:08:39;Shirley;Brandenberger;165195824;119;GKW E7XN6;12;N
313;2021-07-11;11:59:32;Lucretia;Dunn;010308367;120;GD 60U63;14;Y
448;2021-08-01;07:12:21;Gretchen;Wright;410346715;121;GKW K9UZT;2;N
786;2021-07-14;18:01:12;Christina;Healey;415707414;122;GCH 061WK;25;Y
456;2019-10-15;19:46:41;Carol;Fisher;353703935;123;GKS RHEZJ;6;Y
462;2021-10-27;11:03:41;Gary;Carson;536405483;124;GS 1CC11;7;Y
306;2021-11-15;23:20:10;Hannah;Daily;110554537;125;GA M713A;1;N
666;2020-11-17;02:19:13;Joseph;Allbee;660653271;126;GLE X8C8J;16;N
734;2021-06-17;22:53:55;Catherine;Hatch;599754301;127;GA KER82;20;Y
883;2020-06-16;03:00:46;Gabriel;Gonzales;998139278;128;GKA 7RNSP;4;Y
308;2021-11-07;22:38:33;Irma;Stanley;517502159;129;GKS W6C83;0;Y
958;2020-01-16;15:59:03;Howard;Douglas;345102536;130;GLE JXTJY;26;Y
931;2019-11-17;12:45:39;Susan;West;774137483;131;GA PG0YH;7;Y
903;2021-06-22;06:40:37;Ann;Hix;909321463;132;GD EY50J;18;Y
269;2021-11-04;19:23:06;Kevin;Wille;784091298;133;GA FRF6G;1;N
623;2019-03-22;23:23:02;John;Garrett;844537064;134;GKA AZ7WF;22;Y
685;2019-09-12;01:05:49;Daria;Pierce;383513260;135;GA M713A;11;Y
994;2019-09-28;20:27:49;Dustin;Norton;704722812;136;GD FAW2Z;26;N
394;2019-03-10;02:06:56;Ronald;Hampton;054004308;137;GMB 23L5W;5;Y
647;2021-02-12;06:22:05;Matthew;Scarberry;017730882;138;GCZ 5ZH32;24;N
902;2021-07-17;19:53:38;Lisa;Lewis;272235200;139;GD 4Z9F8;13;N
253;2020-02-27;10:39:01;John;Edward;596365384;140;GLE UC3E7;21;N
762;2020-06-05;17:47:36;Kelly;Andrews;156183639;141;GA KER82;14;Y
952;2019-11-21;14:20:28;Jesus;Mitchell;361636468;142;GD PXUHA;2;Y
815;2020-03-09;11:03:42;William;Tran;198863315;143;GA SJJAY;17;N
429;2020-03-18;07:58:31;Sabrina;Reeves;469558785;144;GMB H696P;17;N
346;2021-03-30;02:49:28;Lillian;Buckland;152824130;145;GS ELUSP;21;Y
559;2019-10-06;14:12:23;Jacob;Adams;359183174;146;GS 3YC17;5;Y
275;2021-06-26;18:55:04;Carson;Cuevas;685504722;147;GS EJRE1;26;Y
605;2019-07-11;13:54:55;Tina;Shafer;148750766;148;GA 68TME;3;Y
41;2019-04-03;12:35:55;Thomas;Mulvey;254022124;149;GKS EHSWC;8;N
427;2021-09-23;23:40:41;Thomas;Stello;152337130;150;GD NR36J;1;N
897;2020-11-07;17:02:57;Joan;Cavanagh;640742753;151;GS N940C;19;N
550;2019-01-07;14:14:50;Annie;Dorr;109226587;152;GKS FPTZM;24;N
18;2021-12-24;02:22:22;Charles;Gibson;947748573;153;GCZ NXE9K;1;Y
138;2020-12-13;21:41:47;Martha;Jean;476744657;154;GA SJJAY;14;Y
214;2019-05-15;08:38:01;Terri;Miller;935424704;155;GS 3250H;27;Y
352;2021-10-01;10:05:22;Shameka;Hotchkiss;982601324;156;GA 5ZC1C;3;Y
384;2020-04-14;13:13:27;Austin;Garcia;054134209;157;GA P2ZP9;11;Y
655;2019-11-06;01:29:31;Mary;Mckee;119028295;158;GKA US0MP;27;Y
982;2021-12-31;18:44:13;Elisa;Carson;608994249;159;GA FRF6G;16;Y
420;2021-06-13;20:51:37;Norman;Smythe;636919270;160;GA KER82;4;Y
118;2021-08-15;03:32:29;Rosaline;Haverland;416647063;161;GKS NP4WL;7;Y
233;2021-12-04;08:14:18;Jimmy;Culp;708106411;162;GSP TALLT;26;Y
266;2020-09-26;13:55:42;Daniel;Yazzie;102755900;163;GS ATCN8;26;Y
698;2021-03-19;19:03:30;Sandra;Howard;611687619;164;GS MCZM9;17;N
882;2020-07-07;22:53:38;John;Dickey;830658024;165;GND M21JS;19;N
415;2021-01-28;02:27:27;Joe;Gambill;370228490;166;GKS FPTZM;12;N
757;2019-11-21;23:06:59;Thelma;Pattee;304131362;167;GD 7T6CM;23;N
252;2019-06-21;15:14:13;Roy;Miller;661359653;168;GS 178FM;17;Y
715;2021-04-19;18:18:05;Evelia;Gerula;399995453;169;GS 01JW6;2;N
874;2019-10-26;18:20:19;Joseph;Solomon;650362743;170;GD HRST5;14;N
818;2021-04-08;04:22:25;Gregory;Gonzalez;262849381;171;GCZ KM7ZL;14;Y
556;2020-07-22;06:35:56;Bernard;Pinard;877223602;172;GCH L104J;20;N
110;2019-10-16;02:17:14;Serena;Degeyter;142856967;173;GD YWP3E;14;Y
958;2021-12-15;08:43:20;Leon;Wade;819375289;174;GDA KHL7C;16;Y
3;2021-10-02;06:58:25;Stanley;Bailey;172539369;175;GSP TALLT;26;Y
675;2019-04-04;12:56:57;Edward;Haney;214525827;176;GD YWP3E;5;N
530;2021-05-29;13:43:47;Jay;Tornatore;839626494;177;GCH N3WFK;23;Y
295;2021-06-17;06:48:51;Robert;Bemis;175917641;178;GA NY5UU;2;Y
731;2021-09-02;18:55:03;Pauline;Reeves;198428053;179;GD MYXST;2;Y
451;2019-08-31;06:32:38;Alicia;Weeks;581120146;180;GS S59TF;20;N
341;2019-01-14;23:28:06;Dale;Nelson;748526691;181;GCZ UXEWT;27;N
557;2021-03-14;05:23:03;Heidi;Carrier;306333309;182;GS EJRE1;11;N
257;2021-05-24;05:49:16;Katherine;Evans;021433243;183;GLE F46JH;19;Y
523;2021-05-14;18:32:55;James;Tebo;826931649;184;GS L0W9F;21;Y
69;2019-08-29;15:11:08;Michelle;Lyman;203927909;185;GCH N3WFK;3;N
681;2019-03-10;01:45:13;Elizabeth;Johnson;038883335;186;GD TGFXY;4;Y
449;2020-07-01;17:17:03;Shirly;Fish;084008493;187;GA PG0YH;10;Y
989;2020-05-03;10:03:12;John;Orozco;644324882;188;GA APX25;13;N
128;2020-08-16;17:37:00;Ronald;Stanley;884166113;189;GD 2C05P;22;N
484;2021-09-18;23:34:25;Kathleen;Westberry;326382025;190;GA 1MUWF;8;Y
538;2019-08-04;23:55:54;Mattie;Sullivan;741579459;191;GDA 28UES;1;Y
186;2020-05-01;19:27:35;Charles;Worsham;088627008;192;GCZ K3051;3;Y
512;2019-05-03;21:56:13;Guy;Sanchez;264173980;193;GCZ 5ZH32;1;N
891;2021-08-12;13:46:28;Olivia;Ivery;324042582;194;GD 7T6CM;7;N
806;2021-07-07;20:13:27;Margarete;Twyman;997821303;195;GSP SWYRR;3;Y
715;2021-05-14;16:17:22;Susan;Andaya;652327264;196;GND UU5JA;1;Y
825;2020-12-14;02:51:17;Kara;Tarter;087905757;197;GS 0TJZW;2;N
304;2019-09-29;23:41:31;Paulette;Alonso;172858306;198;GCZ PKLSK;4;Y
309;2019-08-10;12:16:58;Bernice;Lupien;337498865;199;GA 5FRKU;26;N
918;2019-08-22;07:47:41;Alma;Sweat;614053224;200;GCH N3WFK;26;Y
588;2019-10-12;17:41:27;Emma;Duncan;866984647;201;GA E02AA;2;Y
872;2019-08-27;03:41:10;Edith;Loftus;563757932;202;GCZ KM7ZL;27;N
320;2021-12-25;00:31:47;Stefan;Na;275614451;203;GSP TALLT;9;Y
434;2019-05-13;21:51:44;David;Oakes;604834681;204;GLE JXTJY;16;Y
147;2019-12-27;16:58:29;Victoria;Mauffray;954783685;205;GMB 6U4KT;25;Y
887;2019-05-15;10:52:08;Allyson;Porter;148258608;206;GD MYTZS;3;N
108;2021-02-23;08:56:56;Courtney;Ray;793152178;207;GSP U7446;22;Y
676;2021-06-26;13:36:03;Evelyn;Ruple;461204692;208;GD CMTXR;8;Y
377;2020-09-09;23:09:41;David;Anderson;420373156;209;GD LW1NR;8;Y
907;2020-12-25;14:37:05;Kimberly;Green;527255778;210;GND 3RCG2;24;Y
987;2021-03-01;10:43:12;Betty;Harrier;120036671;211;GLE 1T9Z7;12;N
648;2021-09-09;03:58:46;Sheryl;Snell;506047663;212;GA FRF6G;21;Y
277;2019-06-07;21:48:11;Larry;Smith;339434979;213;GDA KHL7C;19;N
622;2020-11-29;20:06:38;Shirley;Wallace;040871927;214;GBY 0X13K;1;Y
175;2019-07-04;00:26:01;Kurt;Rosseau;378898205;215;GA 4XGFS;6;Y
345;2019-08-01;19:22:26;James;Gardner;177126501;216;GKW T7CCM;18;N
733;2019-05-31;08:38:13;Carol;Held;063427428;217;GD LW1NR;27;Y
120;2019-07-12;11:37:44;Jerry;Ariza;617658286;218;GKS EHSWC;2;Y
267;2021-04-10;21:03:13;John;Kelly;499864380;219;GSP SWYRR;10;Y
901;2021-10-29;07:28:52;Mary;Prado;147771050;220;GND CRG96;24;Y
712;2020-02-26;15:42:40;Allen;Lohmann;852615290;221;GD NR36J;16;N
39;2019-12-20;01:38:22;Joseph;Acklin;436528486;222;GD E3A52;10;Y
796;2019-01-15;10:05:20;John;Hall;513679798;223;GS 0ZS69;7;N
148;2020-02-01;04:23:29;Jeffrey;Naffziger;460754549;224;GMB UMS2G;25;N
286;2021-12-16;00:08:09;Angela;Johnson;371612803;225;GKS HLMWK;14;Y
350;2021-10-27;05:57:14;Cindy;Mosely;191537363;226;GND CP0J8;6;N
71;2020-09-13;08:12:10;Larry;Jones;367648179;227;GA F1ZNC;25;Y
981;2021-12-02;02:38:33;Michael;Grundy;898603077;228;GS 872UL;23;Y
757;2019-08-21;18:53:14;Tandra;Rogers;836707437;229;GKA H93GZ;14;Y
59;2021-03-05;13:01:45;Tamara;Rosenthal;746922076;230;GMB UMS2G;22;Y
546;2019-08-16;16:57:32;Michael;Amaya;753429910;231;GLE X8C8J;15;Y
757;2019-08-10;16:22:29;Dolores;Rosado;966074883;232;GA 5FRKU;8;Y
113;2019-11-13;02:30:20;Thelma;Mcclelland;787105874;233;GD YWP3E;5;Y
159;2019-07-28;15:11:19;Maria;Jaramillo;635308721;234;GSP 6T2NE;6;Y
489;2019-05-11;16:28:30;Bruce;Kempton;525211088;235;GMB 4N29U;9;Y
881;2021-05-16;21:25:54;Nathan;Taylor;513906848;236;GA 68TME;15;Y
19;2020-11-20;05:08:39;Ann;Fitzgerald;475571780;237;GND 8WH3J;8;Y
496;2021-08-03;08:25:45;Barbara;Wallace;954114743;238;GKW K9UZT;25;N
935;2019-04-19;13:13:15;Robert;Layland;277427657;239;GD CHCNP;19;Y
578;2020-12-17;20:29:17;Tyler;Farrell;185897090;240;GS PY0FZ;4;N
611;2019-09-11;10:57:05;Vannessa;Rains;534647215;241;GS 1CC11;6;N
239;2020-10-19;03:45:01;Lewis;Sartori;832171042;242;GD 82UR7;5;Y
100;2020-07-13;06:14:57;Linda;Paul;010925412;243;GA 5M9XL;11;N
759;2020-04-15;04:43:50;Bertram;Gambrel;024991821;244;GS N940C;27;Y
844;2021-03-12;05:07:50;Rafael;Burrowes;121258321;245;GKA H93GZ;12;N
403;2019-01-30;21:11:13;Matthew;Wilson;387704848;246;GA KPRGX;0;N
158;2021-05-07;11:06:36;Norris;Decarr;125060059;247;GSP YNKWS;18;Y
35;2021-07-17;04:16:05;Garland;Knight;391360590;248;GKW T7CCM;23;Y
487;2020-05-04;07:01:06;Tiffany;Vidal;000404694;249;GS ELUSP;19;N
555;2020-01-13;21:56:40;Donald;Fobes;699224984;250;GA NEH2X;7;Y
315;2020-01-22;10:40:54;Samuel;Foret;982677580;251;GS ATCN8;27;Y
444;2021-01-05;16:30:05;Mary;Harris;526967299;252;GD MYTZS;24;N
233;2020-09-07;20:57:47;Georgette;Joyce;656362037;253;GBY XPHFF;15;N
870;2021-09-06;01:20:23;Derek;Garza;677368812;254;GA X078J;24;Y
741;2019-12-22;19:46:50;William;Gazitano;259701368;255;GSP FW41L;12;Y
727;2021-07-09;15:49:57;Trent;Elliott;112814948;256;GA 1MUWF;14;N
634;2020-03-02;16:51:39;Joseph;Hines;151550462;257;GA 94JN9;11;N
187;2020-06-12;00:31:57;William;Timberlake;583405443;258;GKA N3AZY;5;N
858;2019-11-20;16:37:27;Ida;Baker;775586709;259;GD EY50J;21;Y
833;2019-09-21;14:04:30;Jonathan;Craig;641828934;260;GS 9WSKX;3;Y
463;2021-05-22;16:37:02;Frank;Vanakin;276538018;261;GD CMTXR;6;Y
560;2019-12-23;00:50:37;Norman;Starnes;619099532;262;GD MYXST;23;Y
767;2020-11-17;23:57:16;James;Galarza;021318987;263;GD RGNZA;24;Y
259;2020-12-17;22:06:09;Brittney;Leachman;034122855;264;GSP TALLT;16;N
304;2020-11-14;22:36:02;Patricia;Rainey;497313846;265;GD PXUHA;24;N
176;2019-01-07;16:40:41;Elwood;Parker;044093800;266;GSP JZ19L;20;N
810;2019-11-11;20:07:55;Antonio;Stanbaugh;466731396;267;GCZ 82JMF;19;N
805;2020-01-17;09:29:12;William;Lee;022984573;268;GCZ KM7ZL;6;N
695;2021-08-30;22:20:24;Katie;Krauss;015282781;269;GKS EHSWC;17;N
81;2021-08-27;12:22:17;Kevin;Giuffrida;404791824;270;GA SJJAY;3;N
154;2021-10-10;09:49:19;Todd;Lambrakis;207928464;271;GD Y5K4S;24;Y
791;2020-04-23;02:08:00;Rick;Silva;357740161;272;GLE FSZ5E;18;Y
207;2019-01-10;02:51:47;Phillip;Antonelli;306276696;273;GD 60U63;12;N
826;2020-06-12;00:11:10;Mary;Lott;963911264;274;GKA N3AZY;17;N
25;2019-03-23;09:21:22;Sara;Straton;037480930;275;GA 4XGFS;2;Y
762;2021-02-20;14:27:24;Kris;Kelly;199244040;276;GS JFZ01;20;N
483;2019-12-14;19:07:56;William;Hardy;636082649;277;GD XZ8T3;1;N
194;2021-03-01;00:55:26;Diana;Fuger;989063457;278;GND LKXPA;20;Y
409;2019-02-15;11:20:07;Dick;Ruffin;171881749;279;GS 7J30Y;15;Y
862;2021-06-14;13:30:09;Linda;Vail;873502966;280;GA 88EM8;22;Y
360;2020-01-17;15:28:10;Laurie;Adler;012399790;281;GCZ KM7ZL;14;N
739;2021-02-08;06:32:35;Julia;Morrison;340725770;282;GD XZ8T3;9;N
997;2020-01-26;19:04:43;Susan;Randall;162942353;283;GS N940C;22;Y
951;2019-02-24;12:42:52;Shirley;Marr;472707760;284;GCH L104J;23;Y
228;2021-01-02;03:20:56;Paul;Steadman;559743781;285;GS 9WSKX;24;Y
948;2020-11-30;23:26:40;Leona;Gray;589158043;286;GS 7J30Y;10;Y
485;2021-11-18;16:32:05;Alan;Worthington;403193735;287;GCZ 2U07P;1;Y
820;2021-12-02;05:05:03;Kim;Killebrew;785291571;288;GS 872UL;14;Y
892;2020-02-29;07:52:42;David;Simpson;912489375;289;GBY A9W1J;27;N
761;2020-07-23;04:35:34;David;Mcguiness;134319776;290;GA MR49E;13;Y
161;2021-04-25;04:45:50;Meredith;Richardson;714184250;291;GD RGNZA;7;N
746;2021-09-02;17:25:16;Robert;Barnhart;138002704;292;GA PG0YH;22;Y
193;2021-12-08;18:29:31;Garry;Hanrahan;245934466;293;GCZ 57J1J;11;Y
286;2019-04-04;10:34:36;Teresa;Holt;446274069;294;GND CRG96;17;Y
370;2020-11-15;11:47:22;Joseph;Halvorson;380366159;295;GSP 5LYJG;13;Y
152;2019-03-28;09:04:22;Beatrice;Brown;328093768;296;GA MW63K;5;N
726;2020-05-28;02:11:38;Donna;Billings;493391358;297;GA G489H;9;N
582;2019-10-20;08:16:28;James;King;197048919;298;GLE ANK03;10;N
596;2020-01-29;01:44:28;Ruth;Vansumeren;935113180;299;GA 1MUWF;26;Y
73;2020-07-16;16:14:58;Greg;White;471664772;300;GA 2XFXC;15;Y
491;2021-05-02;20:03:18;Gwendolyn;Bobeck;071373608;301;GD XZ8T3;26;Y
824;2019-05-22;20:12:37;Mireya;Buckley;807851557;302;GKA C3XKC;2;Y
328;2021-05-07;09:27:40;Sandra;Mcrae;432061886;303;GD RGNZA;7;Y
259;2021-07-08;00:54:58;Dan;Mcclish;140900143;304;GSP SWYRR;19;N
834;2020-11-26;20:57:35;Angel;Castle;121385689;305;GD S6CFP;3;N
802;2019-03-31;14:52:09;Gregory;Hurley;082868911;306;GA 88EM8;13;Y
729;2019-02-24;13:24:41;Barbra;Meyer;540373863;307;GA F1ZNC;2;N
74;2019-12-22;08:05:05;Marcos;Harris;541173867;308;GKA AZ7WF;21;Y
326;2020-10-22;12:35:10;Rocky;Wyrick;913548094;309;GS 9WSKX;20;Y
85;2021-05-28;08:07:15;Jeri;Hodge;410098918;310;GSP 0TYLW;9;Y
527;2021-03-26;12:14:42;Sabrina;Crowell;807826651;311;GS CALCM;21;Y
683;2020-07-30;17:42:00;Susan;Cooper;819819379;312;GD ST5UR;24;Y
30;2020-04-25;09:37:33;Sheri;Orr;685206572;313;GS ELUSP;5;Y
349;2020-10-04;00:15:17;Gary;Sexton;982320161;314;GMB 4N29U;8;N
455;2020-02-11;06:46:35;Lori;Hobby;352958441;315;GCZ 2U07P;8;Y
923;2019-04-06;03:49:33;Mildred;Nickle;136613185;316;GCZ P7EKA;19;Y
995;2019-08-19;16:18:56;Dorian;Ford;755610574;317;GCH L104J;27;Y
473;2021-11-11;22:15:11;Robert;Tramonte;207078169;318;GA 2MT2P;2;Y
786;2019-10-03;19:02:50;Jerry;Kornfeld;738474270;319;GS GEZM8;1;Y
920;2021-01-23;11:15:10;Leanne;Sousa;781838380;320;GKA 7RNSP;5;N
859;2020-04-21;03:21:59;Nina;Watters;327820821;321;GKA H93GZ;24;N
52;2020-09-03;19:36:28;Jose;Booth;737294065;322;GD KP5XA;10;Y
632;2019-04-15;10:21:09;Elise;Strickler;321322940;323;GS 7H5KP;8;N
544;2021-06-21;00:39:50;Mara;Perez;597660550;324;GKW 0STCP;15;N
931;2020-07-28;08:27:36;Chad;Moorehead;863488307;325;GKA ZU9SW;10;Y
591;2020-05-12;12:17:28;Nicole;Watkins;596402652;326;GND UU5JA;7;Y
697;2019-09-15;22:10:41;Max;Doemelt;184945270;327;GS EJRE1;13;Y
853;2019-10-04;01:25:44;David;Croce;012738163;328;GCZ G2YKW;20;Y
471;2019-12-22;19:48:19;Joshua;Kimbrell;494186034;329;GKW K9UZT;27;Y
97;2019-08-22;22:09:30;Joseph;Vinton;060046431;330;GMB HLH86;18;Y
597;2019-12-02;03:53:47;Lawrence;Mcdonald;068096243;331;GLE X8C8J;8;Y
815;2021-02-13;16:46:13;Jacob;Wright;093507894;332;GLE ANK03;25;Y
221;2021-12-24;16:04:04;Marilyn;Noel;764775887;333;GSP TALLT;14;Y
197;2020-03-27;20:16:39;Jeffery;Barney;342533149;334;GS PY0FZ;21;Y
678;2020-02-27;02:30:31;Jeffrey;Welsh;897853612;335;GBY JX6LL;10;Y
958;2020-04-24;16:53:31;Marion;Colflesh;308488793;336;GA KPRGX;16;N
105;2021-09-06;15:04:37;Marvin;Nicholas;405539710;337;GKW 32782;22;Y
608;2019-01-22;20:37:17;Jack;Lamar;193322058;338;GND HRPHA;18;Y
41;2020-11-02;02:32:47;Cristopher;Harvey;347765903;339;GCZ SK1H6;8;N
25;2021-08-16;22:53:16;Tiffany;Gabriel;468161940;340;GS 9SU3T;18;Y
211;2020-06-05;23:38:28;Michael;Hannigan;311734213;341;GSP SWYRR;19;Y
796;2019-03-16;05:41:24;Michelle;Evensen;922623410;342;GS RC4T1;15;Y
385;2020-07-16;09:18:28;Edward;Rice;865743316;343;GA 2XFXC;10;Y
647;2021-10-14;00:58:02;Eugene;Skousen;000337929;344;GD YWP3E;0;Y
632;2020-02-23;13:41:11;Joseph;Penland;338460153;345;GA 5FRKU;0;Y
323;2021-01-31;03:49:16;Betty;Ruschmeyer;406513730;346;GS AZ3TZ;7;N
571;2020-05-13;20:43:09;Yvette;Simmons;838713062;347;GD RSEYP;13;Y
234;2021-10-31;14:59:02;Serena;Nellis;980825881;348;GKW E7XN6;16;N
366;2021-04-18;11:35:25;Jessica;Adams;611849447;349;GD PXUHA;5;Y
882;2021-04-12;23:33:11;Leigh;Bryce;589594678;350;GS REY0E;27;Y
856;2021-10-29;03:45:34;Vanessa;Brown;784413042;351;GND CRG96;6;N
699;2019-06-15;03:31:17;Allen;Anderson;172101553;352;GBY 9A9ST;14;Y
602;2020-06-02;14:25:00;Laurel;Ambrosino;061708360;353;GKS NW0PJ;10;Y
676;2020-07-13;02:58:42;Pedro;Stohr;299122833;354;GS 3250H;9;N
413;2021-12-01;15:54:08;Corey;Benedetto;975422972;355;GND PHNC1;9;Y
308;2021-08-16;08:45:57;Doris;Bachand;965100714;356;GND M21JS;24;Y
120;2020-06-28;05:38:45;Florence;Baird;729068360;357;GCZ 5ZH32;13;Y
378;2020-12-09;22:41:15;Spencer;Bush;085713334;358;GLE XNYZZ;5;Y
283;2021-10-02;13:26:11;Christopher;Freeman;099243394;359;GS 36EGR;11;Y
741;2019-10-20;03:23:56;Brett;Collins;172384131;360;GMB HLH86;27;N
486;2021-01-14;02:59:58;Shana;Ortiz;723493033;361;GD CHCNP;11;Y
3;2019-05-22;09:20:01;Angela;Jackson;034730602;362;GA SJJAY;21;Y
806;2021-10-10;05:02:30;Ramon;Trotz;409601352;363;GCH 5YUMJ;20;Y
403;2021-12-01;13:49:40;Larry;Tester;017542594;364;GKA ZKLKZ;15;Y
367;2020-10-26;07:30:11;Frances;Moore;766050474;365;GLE MG7C0;15;N
185;2020-03-24;07:37:01;William;Solinski;813794977;366;GSP PPGLS;7;Y
811;2020-04-02;05:00:31;Frank;Dalton;529691558;367;GD HRST5;27;Y
199;2020-08-08;01:17:17;Mary;Brading;676040228;368;GSP TS9KL;11;N
825;2020-10-15;17:30:22;Kalyn;Steinberg;056795495;369;GKA ZU9SW;10;Y
111;2020-11-28;16:47:23;Scott;Williams;358594172;370;GND 8WH3J;20;N
138;2021-12-23;03:09:29;Morgan;Blackford;083365967;371;GKA N3AZY;12;Y
87;2021-01-06;09:38:39;Martha;Copeland;784214617;372;GS 0P802;20;Y
511;2020-12-06;21:14:07;Lisa;Lydick;776504692;373;GD HGHN3;6;N
872;2020-05-17;09:44:01;Nicole;Mcneill;339598836;374;GSP 6T2NE;16;N
259;2019-04-24;17:42:50;Tony;Hannigan;453711492;375;GLE MENKY;1;Y
466;2020-02-07;05:09:10;Ronald;Bechtel;760435082;376;GCZ 5ZH32;10;Y
372;2021-11-26;16:58:17;Christine;Wittwer;719641143;377;GD J62EN;8;Y
5;2020-05-23;04:54:34;Willie;Harkavy;792019308;378;GA SJJAY;0;Y
92;2021-04-13;23:00:23;Gabriela;Mccormick;743431630;379;GA XCE94;1;Y
727;2019-08-30;01:17:19;Jody;Burgess;456818918;380;GBY LTLUS;3;Y
293;2020-02-02;03:08:26;Russell;Price;163154730;381;GA KER82;14;Y
729;2020-09-02;07:21:19;Renda;Buchanan;341185927;382;GMB 23L5W;0;Y
395;2020-07-24;15:11:12;Wendy;Whipps;017459246;383;GA GFWLP;21;Y
922;2019-01-25;00:18:39;Gregory;Melton;655435210;384;GD FYSMS;10;N
530;2019-03-05;13:44:45;Frank;Kocher;173442227;385;GMB 30HWJ;20;N
244;2020-06-10;20:11:09;Dylan;Harvey;727053853;386;GKS F1UUX;0;Y
328;2020-02-16;22:32:55;Ronald;Crisafi;578548182;387;GKW T7CCM;27;N
221;2019-09-11;09:30:14;Christine;Joseph;628293546;388;GD 78Y47;12;Y
238;2019-12-30;22:46:51;Pamela;Hunter;781936121;389;GKW 32782;6;Y
507;2020-04-18;14:10:10;Albert;Clark;793816484;390;GS SU87T;26;Y
289;2020-10-06;19:30:00;Dorothy;Abreu;146487903;391;GD CC94N;21;Y
310;2021-02-23;13:12:04;Joseph;Sturm;767026568;392;GD XYHH5;5;Y
134;2020-05-23;09:52:19;Shannon;Moore;711437010;393;GA NEH2X;10;Y
413;2020-09-18;16:05:24;Rosa;Young;732984304;394;GS CYTWU;16;Y
391;2019-02-28;12:59:31;Ann;Linn;796186623;395;GD J62EN;24;Y
191;2020-05-07;18:31:33;Pete;Henry;514954461;396;GD LW1NR;20;N
899;2019-08-27;15:01:35;Jodi;Griffith;561859190;397;GA U84Y7;24;N
214;2019-11-29;14:34:58;Jennifer;Manalang;737161750;398;GA E02AA;3;Y
762;2021-12-01;09:46:51;John;Wark;979987393;399;GDA 28UES;22;N
529;2021-08-14;00:02:35;Andrew;Roderiquez;478965043;400;GD J62EN;11;Y
614;2020-12-31;11:14:29;Kathleen;Kingston;349682300;401;GKW 32782;14;N
1000;2019-03-03;20:42:32;Jamee;Grandfield;010460514;402;GA 08AMP;18;Y
123;2020-11-20;13:27:17;Clifford;Walton;328677481;403;GS 0TJZW;3;Y
36;2020-08-21;23:39:58;Nicole;Jones;714174352;404;GA 5ZC1C;2;N
73;2020-12-06;20:31:00;Juanita;Miguel;288803031;405;GD HGHN3;24;Y
819;2019-07-03;12:43:39;Kevin;Dunnam;589441225;406;GD HGHN3;4;Y
213;2019-04-03;21:40:46;Bruce;Ertel;053669871;407;GD NR36J;4;N
535;2019-08-14;06:04:29;Trinidad;Bartholomew;061679400;408;GCH NA89S;23;Y
939;2021-08-16;13:07:20;Melissa;Robb;160225045;409;GD FAW2Z;23;Y
646;2019-04-24;10:13:28;Catherine;Mirr;786316219;410;GLE MENKY;27;Y
774;2019-08-16;17:50:42;Wallace;Billings;594322362;411;GLE X8C8J;21;N
866;2019-09-25;09:15:18;Michael;Lemon;421138717;412;GKS F6114;10;N
911;2019-04-20;08:33:33;Joseph;Reed;350145945;413;GA 1MUWF;17;Y
318;2021-06-22;08:55:50;Donald;Willette;216223080;414;GKS NP4WL;20;Y
939;2021-07-20;07:40:25;Andy;Bryan;448063969;415;GMB 30HWJ;0;N
846;2021-10-26;21:07:02;Yvonne;Jackman;314047541;416;GND CP0J8;23;Y
860;2019-11-05;14:46:01;Ernest;Muni;891622487;417;GSP A6F0R;18;N
788;2020-06-07;03:33:58;Sandra;Patrick;624597624;418;GKS RHEZJ;7;Y
527;2021-08-28;07:51:27;Michelle;Fischer;200706312;419;GKW MGME7;17;Y
383;2019-11-10;15:58:48;Joseph;Scott;869090635;420;GND HRPHA;11;N
951;2020-01-21;09:23:46;Maria;Bryant;997236787;421;GND CRG96;21;Y
471;2019-07-22;23:19:27;Johnnie;Harvey;596547611;422;GBY JX6LL;13;Y
382;2019-06-05;03:22:51;Leo;Alvarez;060599212;423;GD T0F7W;18;Y
170;2021-09-25;04:04:51;Eugene;Breeden;700066653;424;GCH WC0YR;26;N
408;2021-04-30;17:33:29;Jill;Marsh;881660077;425;GCZ HGLAM;12;N
88;2020-06-11;10:53:13;Ruby;Powell;142714561;426;GKA C3XKC;20;N
128;2021-08-07;17:13:13;Robert;Covington;389863098;427;GDA KFAM3;21;Y
674;2020-05-23;13:57:12;Willie;Minardi;556772398;428;GD FJCPR;20;Y
345;2021-08-25;21:37:03;Dorthy;Paz;899330542;429;GKS HLMWK;10;N
977;2021-09-15;14:14:41;Stephany;Rideau;565850815;430;GKA H4GF0;24;Y
592;2021-03-29;21:45:45;Donald;Peters;960834188;431;GSP 0TYLW;12;Y
932;2020-11-06;19:48:30;Elva;Barker;076013815;432;GD KP5XA;16;Y
881;2021-03-12;21:07:53;Dorothy;Reese;107266538;433;GKS RHEZJ;8;N
873;2020-10-17;07:57:54;James;Pritchard;573650291;434;GMB HLH86;0;N
71;2020-05-23;23:48:03;Beatrice;Morin;500938258;435;GD RSEYP;18;N
852;2021-05-01;11:41:15;Eugene;Woods;881102539;436;GS 0ZS69;7;Y
268;2020-07-28;22:46:49;Robert;Samuels;869355215;437;GS CXR47;9;Y
110;2019-09-29;13:33:46;Robert;Oakes;012259523;438;GLE XNYZZ;8;N
923;2019-01-07;07:25:07;Ralph;Mcconnell;867478965;439;GD FAW2Z;18;Y
132;2021-04-18;18:53:02;Richard;Gonzalez;417656007;440;GA 5ZC1C;26;Y
395;2020-07-04;05:54:22;Sabrina;Luis;698714940;441;GND HRPHA;23;Y
703;2020-01-29;13:13:23;Samuel;Powell;852084523;442;GMB 23L5W;3;Y
890;2021-06-14;07:59:15;Thomas;Diaz;819799607;443;GA 88EM8;12;Y
576;2021-06-26;13:04:30;Fredrick;Giordano;143434402;444;GA M64UU;21;Y
563;2020-04-23;01:11:01;Philip;Steward;581190088;445;GA 1MUWF;8;Y
783;2019-01-12;07:46:35;Abbie;Ernst;136757712;446;GBY LXPLM;21;Y
392;2020-09-01;20:43:54;Harold;Pagliari;067831695;447;GCH 0W2K9;27;Y
20;2019-01-28;22:18:47;Jason;Mccard;314838022;448;GD E3A52;24;N
440;2021-04-30;23:52:44;Sherry;May;750437383;449;GS 0ZS69;26;Y
649;2021-01-25;18:50:49;Victor;Jones;039847922;450;GCZ UXEWT;20;Y
706;2021-11-11;13:24:18;Lance;Leflore;325012806;451;GKA AZ7WF;0;Y
978;2020-05-06;16:18:37;Jose;Wood;698055356;452;GD LLHZK;0;Y
545;2020-04-11;07:32:01;Joseph;Burton;593627307;453;GMB W0FS5;4;Y
115;2020-05-16;23:18:37;Elmer;Dickinson;364475472;454;GD LW1NR;19;Y
893;2021-04-03;02:30:16;Kathy;Salgado;160645553;455;GA 5M9XL;15;Y
479;2021-05-27;21:05:01;Edgar;Beck;289278529;456;GS GEZM8;26;Y
497;2020-10-05;18:14:42;Grace;Miller;950891601;457;GA P2ZP9;1;Y
992;2019-01-02;03:53:00;Clarence;Pranger;257066128;458;GS MYG81;14;Y
871;2020-05-21;18:17:46;Dorothy;Chavez;044795470;459;GMB 6U4KT;0;N
228;2019-09-28;10:13:18;Emily;Rodriquez;453002714;460;GD FAW2Z;24;Y
44;2020-08-30;22:12:32;Calvin;Walton;055526582;461;GCZ NXE9K;22;Y
415;2020-08-10;13:04:28;Donald;George;951930467;462;GKS FPTZM;5;Y
927;2021-07-21;03:49:40;Charles;Gomez;781214154;463;GND 3RCG2;12;Y
928;2020-12-11;19:53:28;Darius;Lee;438308074;464;GD TGFXY;1;N
787;2021-01-25;00:16:44;Derrick;Mcilwain;602375714;465;GCH 5YUMJ;24;Y
831;2019-03-10;02:41:31;Samuel;Bornstein;325728917;466;GKA C3XKC;22;N
141;2021-12-06;10:11:39;James;Corum;454343823;467;GKW 0STCP;2;Y
562;2019-06-16;06:18:43;Mercedes;Fry;735470050;468;GLE 5ETF0;4;N
691;2021-11-17;04:01:38;Esperanza;Barrow;839602490;469;GBY XPHFF;2;Y
62;2020-07-29;10:00:54;Michael;Bennett;600749883;470;GND LKXPA;11;Y
811;2019-02-04;11:04:45;Ruth;Fowler;646952807;471;GMB AZCF8;5;N
650;2019-05-15;02:03:41;Deborah;Braithwaite;667845986;472;GD MYTZS;2;N
441;2019-11-21;14:21:19;Nicholas;Tilley;816585778;473;GA YLAUJ;9;Y
762;2020-10-27;19:44:21;Clark;Adams;908676267;474;GKW 32782;10;N
915;2020-10-25;01:21:19;Virginia;Knowles;750257910;475;GA GFWLP;3;Y
904;2021-01-07;02:34:02;Millie;Reagan;080798268;476;GD N0A27;24;Y
571;2020-01-16;11:02:12;Donna;Smith;178097370;477;GLE JXTJY;4;Y
648;2020-12-20;09:47:21;Kevin;Bostic;851401759;478;GD N0A27;27;Y
968;2020-06-06;04:07:30;Min;Little;621205958;479;GSP SWYRR;11;N
330;2019-03-16;00:38:48;John;Langford;410645809;480;GS RC4T1;5;N
226;2021-01-23;17:38:24;Laura;Miyoshi;793948277;481;GKA 7RNSP;4;Y
573;2020-08-29;17:10:37;Erin;Reeves;758437057;482;GND CP0J8;18;Y
695;2019-03-26;19:19:35;Helen;Delgado;393975745;483;GMB FEH15;10;Y
585;2021-12-02;04:29:52;Mark;Wilkins;638056697;484;GS 872UL;8;N
354;2019-12-10;16:40:32;Timothy;Digennaro;276062462;485;GA 59NZ0;22;Y
948;2019-05-05;02:50:31;Roger;Greenberg;432492979;486;GS MCZM9;21;N
411;2019-02-19;17:41:08;Stacy;Humes;968198894;487;GA U84Y7;5;Y
798;2020-11-07;09:50:01;Carlton;Lowell;563369866;488;GND CRG96;26;N
484;2020-01-18;22:42:59;Cheryl;Bartz;143748296;489;GLE F46JH;6;Y
429;2021-09-17;01:44:59;Susan;Waddell;064218108;490;GKS FPTZM;1;Y
617;2019-10-12;11:40:13;Abel;Gutierrez;706646662;491;GS ELUSP;14;Y
470;2021-02-20;10:35:01;Richard;Amadon;277695403;492;GCZ UXEWT;5;N
883;2019-05-28;06:28:52;Maria;Wiedmann;465074584;493;GD E3A52;8;Y
116;2020-05-17;17:59:13;Charlene;Jones;970680110;494;GD Y5K4S;18;N
504;2021-12-20;01:26:46;Brian;Fuentes;805024377;495;GKW 60PNA;0;Y
13;2020-11-21;16:16:21;Nga;Baker;476233796;496;GS L0W9F;18;N
801;2021-03-30;18:15:23;Barbara;Hunter;216575770;497;GA JK16A;5;N
364;2020-10-04;04:13:35;Stephanie;Luescher;215659143;498;GMB 4N29U;27;Y
388;2020-12-21;14:19:36;Jesse;Andrews;177975550;499;GKA AY8JJ;12;N
87;2020-12-25;09:08:12;Deborah;Venegas;199840362;500;GND 3RCG2;23;N
948;2021-06-04;20:24:38;Albert;Navarro;681271582;501;GMB 2A0P6;6;Y
594;2019-01-25;02:46:53;Opal;Woltz;575578394;502;GND 3RCG2;8;Y
128;2020-08-15;20:46:32;Nancy;Cunningham;083313791;503;GKW Y1YJ0;17;N
234;2020-11-16;08:15:30;Dorothy;Alvarado;343461552;504;GS MYG81;8;Y
279;2021-02-08;07:58:54;Rebecca;Davis;752806143;505;GD XZ8T3;3;Y
756;2021-03-19;06:09:11;Judith;Dowdy;354023866;506;GA U18TE;3;Y
38;2020-06-11;21:08:14;Marcella;Jackson;404929718;507;GKW 60PNA;13;N
104;2019-10-01;21:29:56;Dwayne;Dorey;968212658;508;GD LW1NR;21;Y
527;2019-05-09;16:08:18;Mary;Fields;360103796;509;GD 6LPS5;5;N
476;2021-04-30;15:52:45;Marcus;Cates;347353595;510;GKS RHEZJ;5;N
624;2021-03-29;19:57:19;Brenda;Stephens;332584762;511;GMB HLH86;23;Y
718;2021-11-05;04:03:04;Patricia;Belyoussian;814010787;512;GD TGFXY;10;N
700;2019-08-13;08:36:40;Dewey;Gebhard;597813595;513;GD T0F7W;10;Y
409;2019-10-04;03:13:08;Karl;Durall;598090817;514;GCZ G2YKW;27;Y
111;2020-05-29;13:46:59;Ines;Henderson;446599829;515;GMB LH031;3;N
184;2021-08-03;08:56:24;Doris;Weaver;209996860;516;GKW K9UZT;0;Y
904;2019-04-24;07:03:17;Gary;Hawley;014232746;517;GCH WC0YR;14;N
897;2020-08-03;07:44:47;Harold;Hardaway;067898401;518;GKS EHSWC;8;Y
266;2020-03-15;03:30:48;Carmela;Tramel;450243678;519;GCZ UXEWT;10;Y
361;2020-01-18;19:18:05;Jenice;Tolley;524586710;520;GLE F46JH;18;Y
155;2019-02-04;21:06:01;Thomas;Castro;169817562;521;GND FN1JW;15;N
535;2021-03-02;04:32:56;Angela;Okura;786824936;522;GS 8WEZM;7;Y
240;2019-09-16;13:38:49;Warren;Montoya;043827787;523;GS GG4GW;10;N
915;2019-06-21;04:30:48;Earnest;Whitley;684225413;524;GS MCZM9;26;Y
329;2021-02-20;14:29:30;Charles;Randall;861811272;525;GA 5ZC1C;20;N
295;2021-05-12;21:47:49;Ralph;Bradley;290789677;526;GCH N3WFK;9;Y
144;2021-08-01;05:51:13;Richard;Nehring;390347037;527;GKW K9UZT;12;Y
231;2021-05-07;18:28:04;Jay;Livingston;881636216;528;GD RGNZA;20;Y
823;2020-04-17;06:55:52;Denise;Davidson;745047825;529;GS G3GK8;21;N
653;2020-08-10;02:59:45;Elvis;Nelson;865490597;530;GS FK5Z8;19;Y
42;2021-12-10;20:05:34;Richard;Marin;561914859;531;GS 0NL49;13;N
964;2020-12-22;17:40:29;Xiomara;Nyhus;614809993;532;GND CHK09;6;Y
667;2021-07-23;15:32:32;Harold;Alton;638938142;533;GS 0P802;16;N
992;2021-10-08;20:24:31;Timothy;Luksa;710546503;534;GKS FPTZM;12;Y
547;2021-08-13;12:30:47;Rodolfo;Mcneil;624698620;535;GA CH0KR;20;Y
729;2020-06-29;07:22:22;Rhoda;Esskew;433998840;536;GD PXUHA;7;Y
498;2019-05-16;10:27:20;Marilyn;Coleman;655651398;537;GS SU87T;3;Y
251;2021-10-06;21:59:44;Minnie;Rock;378884778;538;GMB W0FS5;1;Y
144;2021-02-13;04:46:00;Raymond;Roekle;402416859;539;GD 7T6CM;7;Y
37;2019-09-29;09:10:12;Ira;Willis;433136646;540;GND LKXPA;1;Y
352;2019-09-27;06:45:23;Elizabeth;Grant;317370695;541;GCH 5YUMJ;13;N
30;2021-08-03;10:55:42;Wanda;Daniels;708127055;542;GKW K9UZT;8;N
708;2020-05-12;14:19:21;Fernando;King;624954028;543;GND UU5JA;22;Y
968;2021-11-27;08:43:13;Shirley;Garey;597489752;544;GD 31LWN;19;Y
204;2019-10-26;08:53:18;Lee;Taylor;494091440;545;GD HRST5;0;N
101;2021-05-28;13:01:07;Donald;Wachsman;153713235;546;GA M64UU;12;Y
170;2019-03-15;04:43:46;Donna;Wardwell;696799826;547;GS JFZ01;5;N
865;2019-12-01;02:05:17;Kathryn;Ludeker;388488899;548;GND GHP6J;20;N
126;2021-05-10;03:14:14;Theda;Crasco;451765682;549;GA FRF6G;7;Y
380;2019-01-28;01:21:27;Linda;Marx;102424542;550;GKW 2TA2W;3;Y
70;2020-01-19;13:30:40;James;Nunez;239131149;551;GMB 4N29U;21;Y
537;2020-06-08;14:44:07;Liliana;Greenman;154335655;552;GS MCZM9;14;Y
344;2020-01-31;02:11:34;Alexander;Hernandez;843259355;553;GD YWP3E;27;Y
78;2019-10-12;18:06:14;Derek;Thompson;523654229;554;GA E02AA;19;Y
800;2019-03-02;06:38:33;Jeffrey;Landfried;205233203;555;GS ELUSP;16;Y
397;2019-02-23;07:43:51;Cheryl;Lyons;433992710;556;GA 68TME;8;Y
452;2021-02-22;20:38:37;Damon;Nunez;271816427;557;GD CC94N;6;N
773;2020-01-29;00:30:38;Nellie;Madison;138212710;558;GA 1MUWF;9;Y
849;2019-01-24;02:02:30;Cecil;Monaco;297433649;559;GD 58CKL;9;N
732;2019-02-12;11:17:33;Jason;Pilla;341832161;560;GLE 1T9Z7;0;Y
993;2019-10-13;12:05:24;Wanda;Elder;116803384;561;GS 3YC17;21;N
775;2019-06-22;07:21:52;Jennifer;Prude;755437238;562;GS ELUSP;3;N
107;2020-09-22;14:39:16;Karen;Havel;634956067;563;GD J62EN;25;N
750;2021-04-24;16:46:13;Willetta;Hernandez;186492452;564;GS 0TJZW;1;Y
191;2021-09-06;06:11:06;Eric;Yuan;092962647;565;GKW 32782;10;Y
265;2021-06-25;22:03:08;Raymond;Webster;528890136;566;GMB 6U4KT;1;Y
945;2021-04-01;09:24:33;Derek;Senn;546920568;567;GA 59NZ0;13;Y
119;2020-05-11;04:56:31;Sara;Martin;609546339;568;GD TXXSN;16;Y
561;2021-08-14;01:53:01;Hiram;Carrier;165162832;569;GD J62EN;21;N
766;2021-09-09;14:55:33;Barbara;Nichols;599012935;570;GLE ANK03;25;N
532;2021-11-15;00:06:02;Anita;Burnett;415675545;571;GBY JX6LL;2;Y
106;2020-11-10;19:09:39;Cheryl;Greene;215518581;572;GKA AZ7WF;16;N
769;2019-05-12;19:31:13;Bonnie;Porter;745060927;573;GDA KHL7C;16;N
921;2020-02-19;00:45:07;Rodger;Zook;230998600;574;GA 68TME;14;Y
780;2019-07-20;16:43:35;Charles;Johnson;358240039;575;GD RCLHF;17;Y
420;2020-08-02;02:14:10;William;Blount;020669303;576;GBY 9A9ST;13;Y
27;2019-08-31;00:46:08;Martha;Hensel;598018013;577;GA 5M9XL;20;Y
145;2020-08-24;19:04:50;Amber;Borsellino;247380473;578;GD S6CFP;24;N
816;2021-09-29;05:47:54;Jerry;Just;526545239;579;GD EY50J;16;N
468;2021-11-01;01:33:21;Michael;Corman;052516114;580;GLE 1LA6J;5;N
174;2019-05-09;20:48:45;Ronald;Hunter;295667307;581;GD 6LPS5;15;Y
608;2020-04-07;01:47:56;Charles;Haley;479913589;582;GA X078J;11;N
378;2020-07-04;22:57:56;Richard;Norton;736925715;583;GA G489H;11;Y
58;2020-05-09;22:19:02;Jack;Duval;154491569;584;GS CYTWU;22;N
255;2019-07-30;23:21:14;William;Price;256834481;585;GD HGHN3;10;Y
771;2019-05-30;06:26:47;Kristin;Frazier;274862877;586;GD YWP3E;23;Y
968;2020-12-03;23:15:34;Carolyn;Meza;665131397;587;GND 8WH3J;12;Y
660;2019-07-15;13:36:40;Cindy;Jones;902902675;588;GA F1ZNC;2;N
784;2021-04-27;10:20:17;Michele;Smith;149553417;589;GS 3250H;14;Y
262;2021-10-08;17:45:46;John;Gaddis;853901089;590;GKS FPTZM;0;Y
96;2019-11-09;12:42:35;Irma;Smith;596669774;591;GS ATCN8;19;Y
412;2020-10-04;02:07:50;Lora;Quintero;549394122;592;GD RSEYP;7;Y
893;2019-03-30;09:24:40;Ricardo;Chappell;752942522;593;GMB W0FS5;5;Y
414;2021-06-18;09:16:31;Jeffrey;Lake;684227899;594;GA KER82;13;Y
436;2020-03-02;09:22:02;Laura;Calvin;986115102;595;GA 68TME;15;N
828;2020-05-29;00:55:39;Laura;Martin;436908324;596;GS 872UL;8;Y
528;2020-10-19;05:10:18;Susan;Mccain;459790683;597;GLE 5ETF0;0;N
699;2021-03-12;10:34:54;Doris;Pitts;840070157;598;GKS RHEZJ;26;Y
317;2021-03-12;13:42:41;Jane;Rhodes;213538300;599;GLE MENKY;25;Y
373;2019-07-12;14:46:55;Chandra;Woodruff;895242482;600;GKS EHSWC;11;N
382;2021-06-06;16:37:22;Luther;Chevas;063570117;601;GKA N3AZY;16;Y
651;2019-07-28;19:42:37;Bryan;Floyd;264811460;602;GCZ KP997;13;N
898;2019-08-31;06:02:31;Joseph;Segura;979078446;603;GA NY5UU;4;Y
336;2019-05-03;12:46:17;Olivia;Brown;095479587;604;GCZ 5ZH32;2;Y
983;2020-04-29;10:36:41;James;Stewart;649709767;605;GS 9WSKX;2;Y
953;2019-05-17;11:02:57;James;Kokko;029218255;606;GKA ZU9SW;21;N
465;2019-10-01;11:01:20;Lee;Barron;505428693;607;GS 3YXH6;5;Y
622;2020-10-05;22:13:02;Lisa;Ortega;968613681;608;GCH GKCY1;6;Y
777;2020-07-25;10:51:10;John;Throckmorton;568311793;609;GMB 30HWJ;23;Y
943;2019-10-31;08:43:30;Gabriel;Mcgregor;833072109;610;GMB 23L5W;19;N
327;2021-03-02;01:07:00;Dana;Bunker;727354777;611;GS 8WEZM;17;N
190;2020-10-30;15:09:46;Zachary;Nock;292639542;612;GND PHNC1;0;Y
155;2019-11-04;00:53:01;Carolee;Bollinger;297243433;613;GSP TALLT;3;Y
677;2021-10-29;05:41:22;Avery;Caldwell;418827619;614;GND CRG96;17;Y
663;2019-04-11;16:41:15;Pamela;Chandler;308771885;615;GND GHP6J;22;Y
999;2020-08-02;07:31:21;James;Stephens;454056140;616;GBY 9A9ST;7;Y
683;2019-06-23;18:39:17;Charles;Lares;530984361;617;GA MW63K;5;Y
664;2020-10-25;17:59:14;Tracy;Vandervort;670931172;618;GCZ 82JMF;27;Y
859;2019-05-18;22:40:14;Candace;Romo;898530558;619;GMB 23L5W;9;N
99;2019-05-01;19:54:27;Hugh;Campbell;421110027;620;GKW 2TA2W;1;Y
343;2019-09-29;15:56:11;Carlos;Crutchfield;984633799;621;GD HRST5;17;Y
337;2021-07-28;23:04:23;Ann;Scribner;565916193;622;GKS 377P4;25;Y
761;2021-08-17;07:12:18;Gregory;Duarte;315666184;623;GDA 28UES;20;Y
142;2020-10-18;02:50:56;Ingrid;Carbone;028285994;624;GD PXUHA;16;Y
681;2021-05-06;02:18:54;Eddie;Hazard;845496777;625;GBY ZT3NE;9;Y
235;2021-12-27;12:45:10;John;Oliphant;100251809;626;GND HRPHA;6;Y
171;2019-06-25;07:54:07;Jay;Mclead;202948014;627;GND CRG96;10;Y
974;2020-02-08;12:50:45;Margaret;Hunter;360893029;628;GKS F1UUX;3;Y
117;2021-01-05;23:14:38;William;Lindsey;262437835;629;GCH NA89S;18;Y
755;2019-10-12;11:18:55;Maxima;Vega;579331612;630;GS ELUSP;22;Y
247;2021-11-01;22:53:57;Timothy;Lee;409836467;631;GCZ NXE9K;7;Y
179;2019-04-13;20:52:11;Madeline;Warman;078449408;632;GA YLAUJ;14;Y
64;2021-12-16;08:43:55;Evelyn;Neal;808402360;633;GS 36EGR;14;Y
914;2019-07-03;09:56:03;James;Welton;735232293;634;GD HGHN3;5;Y
924;2019-08-19;02:02:55;Calvin;Markey;049291216;635;GSP 6T2NE;21;Y
56;2019-12-07;19:15:37;Elizabeth;Rifenbark;660325129;636;GA MW63K;8;Y
407;2021-10-06;07:34:29;Charles;Koopmans;985991954;637;GA 4XGFS;23;Y
824;2019-05-15;02:24:42;Robert;Gribbin;431426761;638;GS 3250H;26;N
144;2020-10-17;05:51:51;Angel;Moore;687038110;639;GD NR36J;4;Y
297;2019-07-31;02:19:21;Brad;Ripple;732637020;640;GD 58CKL;15;Y
931;2021-10-11;12:26:48;Dean;Butler;609303385;641;GA FT3W1;2;N
924;2021-09-16;02:41:27;Arthur;Medders;445984762;642;GS GEZM8;3;N
13;2021-08-16;12:40:27;Nancy;Stine;948492607;643;GND M21JS;25;N
615;2021-04-08;02:11:40;Alice;Rivera;782187856;644;GCZ KM7ZL;6;N
999;2021-08-13;14:19:00;Kristen;Carlisle;260577605;645;GKW T7CCM;9;Y
456;2020-06-10;22:52:12;Gary;Burnett;754151716;646;GKA C3XKC;16;Y
57;2020-02-23;14:05:09;Harris;Wright;258164141;647;GA 5FRKU;19;N
265;2020-11-11;07:05:01;Frederick;Mittman;631323807;648;GD PXUHA;8;Y
134;2021-02-02;17:51:51;Craig;Serrano;070186540;649;GKW K9UZT;6;Y
99;2020-08-17;01:30:15;David;Jefferson;046029863;650;GMB 2A0P6;5;Y
52;2021-06-06;08:35:26;Louise;Brougham;224114946;651;GMB FEH15;17;Y
96;2021-10-08;17:15:01;Rebecca;Dailey;548637636;652;GA 4XGFS;2;Y
601;2021-03-01;15:50:21;Timothy;Mckinney;508912688;653;GLE 1T9Z7;22;Y
259;2020-08-23;01:37:11;Richard;Wilson;907674730;654;GA 5PZ17;25;Y
935;2021-07-11;17:10:00;James;Milner;554453236;655;GS N940C;17;Y
907;2021-01-31;08:46:47;Luis;Barnett;055406073;656;GS AZ3TZ;6;Y
865;2019-08-22;06:39:00;Nick;Vera;831591542;657;GCH N3WFK;22;N
101;2019-07-09;22:10:00;George;Duncan;127556610;658;GLE MG7C0;3;N
430;2020-04-16;09:59:21;Katherine;Lewis;691200604;659;GLE MG7C0;12;Y
1;2020-11-20;02:49:35;Carmen;Greig;022227193;660;GS 0TJZW;24;Y
817;2020-06-25;08:05:14;Sabrina;Meadows;825154601;661;GA 59NZ0;13;Y
995;2019-04-05;23:05:27;Everett;Crowder;390736487;662;GA FT3W1;3;Y
31;2021-09-15;12:46:29;Stephen;Gaughan;416342829;663;GD CMTXR;17;Y
82;2019-07-12;02:46:01;Charlotte;Shaw;274637781;664;GS 36EGR;22;Y
814;2020-10-04;01:59:27;Arthur;Rippelmeyer;814180390;665;GD RSEYP;1;N
595;2020-03-05;06:43:56;Latisha;Baumer;048410684;666;GA Y7NN6;14;Y
655;2020-09-10;21:52:07;Janice;Thompson;121458229;667;GDA 28UES;12;N
510;2019-09-29;20:51:09;Evelyn;Storey;157022171;668;GCZ PKLSK;6;Y
863;2019-08-15;07:55:19;Minerva;Jones;735988661;669;GKA H4GF0;22;Y
54;2020-02-01;07:55:28;Stanley;Rothfeld;762511031;670;GD KP5XA;10;Y
92;2021-12-15;17:07:38;Betty;Deck;130421943;671;GND LKXPA;8;Y
342;2021-06-14;21:34:51;Hattie;Walker;235966716;672;GMB 6U4KT;14;Y
937;2021-03-09;22:01:44;Christopher;Molina;186996293;673;GD J62EN;17;Y
669;2019-10-06;00:55:36;James;Beyer;124093355;674;GS EJRE1;10;N
653;2021-12-28;15:19:58;Tiffany;Jones;967484650;675;GLE MG7C0;4;Y
486;2021-09-23;06:25:50;David;Dowdy;901230564;676;GKA H0GU4;21;N
519;2020-08-06;02:48:47;Kimberly;Wester;276194122;677;GA P2ZP9;10;N
979;2020-08-10;09:49:53;Sarah;Jackson;093379724;678;GMB 23L5W;8;Y
124;2020-06-28;06:48:30;Joseph;Sherwood;093714164;679;GS MYG81;16;Y
346;2020-10-18;18:04:15;Stephen;Chavez;187009333;680;GKA 7RNSP;17;Y
190;2021-07-17;03:59:50;Yoko;Long;929192808;681;GD CHCNP;9;N
446;2021-03-30;10:51:01;Mamie;Sawyer;458388700;682;GMB W0FS5;10;N
714;2021-01-28;03:13:23;Lura;Yates;678060884;683;GA FT3W1;17;N
232;2020-06-08;17:04:37;Janice;Provost;561023223;684;GD NR36J;8;Y
412;2019-12-01;22:43:27;Maria;Ahuna;099511794;685;GND CRG96;10;Y
499;2021-09-02;08:46:35;Shawn;Errington;416572617;686;GND CP0J8;13;Y
769;2021-10-28;04:18:07;Judy;Ramirez;269748772;687;GND 8WH3J;19;Y
385;2020-12-22;17:19:41;Ashely;Grenier;752285806;688;GMB AZCF8;0;Y
856;2021-03-24;16:09:58;Tameka;Ramos;204632799;689;GSP GL3GU;2;Y
6;2019-03-04;16:23:26;Mary;Allen;923036857;690;GD 7T6CM;7;Y
751;2020-08-06;04:39:05;Susan;Dumas;287491142;691;GA P2ZP9;18;N
345;2021-07-30;12:05:17;Maria;White;900442247;692;GS JFZ01;21;Y
798;2021-06-19;19:47:02;Colleen;Demetriou;548890562;693;GCZ RT12C;13;Y
964;2021-09-16;19:42:27;Patricia;Trell;959087460;694;GS 6ZF15;23;Y
179;2020-10-11;11:11:35;Anthony;Paras;824354361;695;GS 3YXH6;22;Y
186;2019-07-17;03:51:00;Gina;Newberry;282546542;696;GLE 1T9Z7;12;N
145;2021-07-24;00:47:35;Joshua;Smith;072647950;697;GS CALCM;17;Y
336;2019-02-11;03:39:14;Terry;Huot;042812126;698;GD CC94N;3;Y
842;2020-03-22;15:34:21;Karen;Sapienza;278514092;699;GA KPRGX;16;Y
143;2021-10-09;11:51:24;Brian;Candelaria;486723750;700;GCH 5YUMJ;23;N
295;2019-03-28;06:10:24;Michelle;Crabtree;377768086;701;GA MW63K;5;Y
769;2021-09-19;07:24:56;Lester;Schrader;844174534;702;GA 1MUWF;6;Y
419;2019-03-10;01:30:01;Rose;Hohman;968649612;703;GKA C3XKC;6;N
96;2021-09-28;16:00:47;Alan;Dollar;540038488;704;GS ELUSP;23;N
180;2019-12-02;10:16:47;Gerald;Mcclendon;686037332;705;GLE X8C8J;5;N
998;2020-08-13;07:23:05;James;Larkin;791435580;706;GKW 2TA2W;0;Y
132;2020-12-22;12:37:41;Albert;Wilson;384082227;707;GND CHK09;0;N
515;2019-01-26;22:20:32;Walter;Allen;225526979;708;GD LW1NR;16;Y
64;2019-02-26;20:18:09;Roberto;Dunmire;289361446;709;GKW 60PNA;17;Y
721;2020-12-11;10:52:08;Ana;Ives;068648011;710;GKW 32782;10;Y
295;2020-08-28;07:09:58;Tammy;Maruschak;634315323;711;GS 0NL49;24;N
999;2021-08-07;02:07:04;David;Davis;382534493;712;GD WC1J4;13;Y
321;2021-09-09;18:43:16;Martha;Rochon;399337886;713;GLE ANK03;1;Y
286;2019-03-30;11:52:51;Katherine;Berard;209508012;714;GMB W0FS5;19;Y
697;2021-10-20;08:19:44;Alberta;Speedy;994524041;715;GD E3A52;11;Y
814;2019-05-14;00:22:37;Betty;Halloran;924072838;716;GLE JXTJY;22;Y
8;2021-07-18;01:25:35;Ada;Rodgers;864243454;717;GMB LH031;11;Y
430;2019-05-17;12:28:39;Linda;Vullo;789197442;718;GKA ZU9SW;2;N
878;2020-10-19;03:18:10;Raymond;Chacon;382921989;719;GLE 5ETF0;3;N
491;2021-10-16;16:07:21;Fred;Reinhart;315146213;720;GND LKXPA;13;N
484;2020-08-07;18:55:42;Judy;Donald;026917454;721;GSP TS9KL;12;N
387;2021-07-20;14:06:50;Stephen;Moore;374519063;722;GA 2XFXC;8;Y
10;2021-11-10;19:04:43;Peter;Southard;854653152;723;GD CHCNP;22;Y
537;2020-09-11;01:03:50;Monica;Washington;971999797;724;GD LW1NR;18;N
431;2020-10-26;10:11:42;Ora;Jacob;883791756;725;GLE MG7C0;16;N
265;2021-01-29;01:58:57;Russell;Runge;456515634;726;GND 8WH3J;10;Y
31;2020-12-19;13:46:41;Toni;Kelly;365436391;727;GND LKXPA;17;N
555;2019-11-30;05:13:57;Kathleen;Pottinger;056434020;728;GKS F1UUX;20;Y
855;2019-01-07;07:19:24;Rosetta;Davis;047724044;729;GD FAW2Z;20;N
472;2021-01-11;11:54:04;Marc;Daniel;532858982;730;GS CXR47;6;N
695;2020-12-19;20:52:18;Nestor;Timmer;150196901;731;GD Y5K4S;5;N
621;2020-05-17;17:06:14;Billye;Hanson;325060766;732;GA NY5UU;10;Y
401;2019-08-14;10:42:47;Justin;Gilliam;745412636;733;GCZ 57J1J;22;Y
581;2020-02-28;04:44:46;Buford;Powell;524990845;734;GS 178FM;15;Y
560;2020-12-28;13:58:14;Charles;Hodgkins;113816977;735;GKS FPTZM;19;Y
263;2020-02-13;16:04:02;Michael;Niss;828965868;736;GCZ HGLAM;3;N
583;2019-01-02;17:50:30;Darrin;Peck;274422046;737;GS MYG81;24;N
429;2021-09-11;17:35:52;Charles;Brei;354877157;738;GS 872UL;9;Y
533;2020-11-02;19:26:06;Marvin;Olague;051796955;739;GA 2MT2P;14;Y
440;2020-05-16;13:45:08;Rosa;Winters;405636316;740;GCH 0W2K9;8;N
622;2019-06-15;09:15:35;Sandra;Monroe;200560554;741;GS MCZM9;12;Y
228;2020-08-15;03:11:49;Rachel;Wenrich;491567694;742;GKW E7XN6;5;Y
211;2019-03-13;00:30:49;John;Ramirez;151446671;743;GBY 9A9ST;0;N
714;2019-08-10;11:15:16;Laura;Copas;932369052;744;GLE 1LA6J;6;Y
424;2019-03-01;16:23:47;Josephine;Snider;846711893;745;GD NR36J;11;Y
869;2021-09-09;15:01:05;Michael;Pittman;379110387;746;GCZ G2YKW;23;Y
145;2020-12-08;04:59:23;Dwight;Fontenot;613255612;747;GD XZ8T3;20;Y
236;2019-09-07;21:21:09;John;Yow;511093456;748;GKA 7RNSP;23;Y
315;2020-01-11;07:41:29;Francisco;Murphy;874976921;749;GA MW63K;15;Y
801;2020-01-20;12:48:14;Melba;Tapia;828181850;750;GA YLAUJ;4;Y
846;2021-10-28;21:01:07;Victoria;Swain;411662261;751;GA SJJAY;20;N
778;2021-02-06;10:08:40;John;Sallee;828646315;752;GMB LH031;12;N
163;2020-05-21;20:54:23;Jesse;Merritt;276515102;753;GKW YXX2N;3;Y
159;2021-01-26;05:51:14;Claire;Sims;592686232;754;GS 9SU3T;14;N
844;2020-01-31;18:57:52;Elizabeth;Barr;993280282;755;GD KP5XA;17;Y
620;2021-04-01;06:22:25;Robert;Herrera;244731819;756;GKS NP4WL;8;N
349;2020-01-02;07:44:58;Angela;Kalkman;907409090;757;GMB XREAY;17;Y
433;2019-07-07;16:07:18;Robert;Girres;175907953;758;GSP U7446;17;N
213;2020-08-10;09:27:49;Kevin;Oliver;085933495;759;GD CYWLA;12;Y
594;2020-08-17;07:46:33;Kirk;Grove;390641067;760;GSP SWYRR;12;Y
504;2020-07-22;00:24:32;Mary;Sisneros;455225367;761;GCZ G2YKW;17;N
875;2020-01-26;10:47:22;Melinda;Sideris;778850012;762;GBY JX6LL;9;Y
714;2021-08-28;09:38:24;Brent;Renninger;653458734;763;GCH 061WK;3;N
694;2019-03-18;15:15:50;Orlando;Maddox;318002783;764;GMB XREAY;27;Y
148;2021-05-24;01:43:43;Larry;Burger;166869159;765;GKW 60PNA;4;Y
913;2021-04-15;00:56:04;German;Kelly;635502354;766;GA 94JN9;24;Y
574;2021-01-29;01:40:39;Harold;Lofton;144062282;767;GLE MG7C0;23;Y
818;2019-06-19;02:00:00;Lanny;Beebe;382516433;768;GA Y7NN6;26;Y
843;2019-06-16;05:26:22;Jennifer;Bowers;681347357;769;GS GEZM8;3;N
752;2019-01-21;16:53:19;Kelsey;Dyckman;645600693;770;GD 82UR7;0;Y
393;2021-02-15;16:48:24;Corazon;Gonzalez;478576472;771;GKW T7CCM;4;Y
347;2020-03-05;01:05:19;David;Sanchez;728227242;772;GA Y7NN6;15;Y
851;2021-01-11;16:42:38;Perry;Browder;915021120;773;GKW Y1YJ0;6;Y
118;2020-05-16;16:15:34;Albert;Barker;230164503;774;GCH 0W2K9;1;N
460;2021-12-08;00:38:21;Barbara;Bitto;409067719;775;GND CRG96;2;Y
148;2020-12-28;19:58:08;Dorothy;Orlowski;301379395;776;GND LKXPA;25;Y
794;2019-08-31;01:52:15;Ryan;Jarrett;449115205;777;GBY 9A9ST;8;Y
728;2020-03-14;09:48:21;Joann;Sherman;032673132;778;GND 8WH3J;19;Y
373;2019-02-04;21:11:25;Elisa;Grace;035922996;779;GND FN1JW;19;Y
431;2020-01-23;16:47:57;James;Tolley;221996823;780;GCZ 57J1J;5;Y
313;2019-07-30;08:15:52;William;Gonzales;713260205;781;GSP 0TYLW;5;N
807;2019-03-04;05:45:46;Jody;Juarbe;275264000;782;GBY LXPLM;20;N
703;2020-06-25;04:26:10;Robert;Kimball;196435132;783;GCZ RT12C;11;Y
509;2021-05-30;00:53:22;Herbert;Gales;989187905;784;GCZ 57J1J;14;Y
230;2020-07-12;03:26:36;John;Mccoy;915061464;785;GKA HMZFJ;21;Y
230;2019-08-30;23:41:19;Gordon;Mitchell;206963833;786;GA 5M9XL;23;Y
598;2021-11-27;12:00:22;Brandi;Ross;128282683;787;GBY 0X13K;24;Y
602;2019-09-08;22:35:13;Beverly;Wright;776930214;788;GS ELUSP;13;N
883;2020-04-02;00:03:34;Lori;Xiong;720286675;789;GMB AZCF8;13;Y
577;2020-08-14;23:10:49;Deborah;Deere;133937509;790;GKA N3AZY;12;Y
66;2020-10-07;22:46:25;Christina;Mcguire;402097360;791;GS JFZ01;17;N
916;2021-06-21;23:28:10;Gabriel;Kegley;672045696;792;GA 5FRKU;3;Y
191;2019-05-21;02:02:41;Jake;King;144231214;793;GBY XPHFF;5;N
522;2021-05-10;06:14:10;Jean;Partch;693007248;794;GA FRF6G;13;Y
931;2021-01-24;13:56:29;Roscoe;Ma;471997059;795;GKW E7XN6;20;Y
92;2019-08-26;12:45:04;Grover;Hurdle;956471870;796;GA 88EM8;13;Y
317;2021-03-07;02:38:55;Elizabeth;Brown;644141092;797;GDA KHL7C;22;N
579;2019-05-05;21:47:40;Barbara;Schacht;284254742;798;GKA AZ7WF;21;Y
3;2020-05-09;21:11:23;Andrew;Mathews;593937218;799;GS CYTWU;3;N
463;2020-07-01;20:37:20;Ivory;Watkins;584167328;800;GA PG0YH;22;Y
493;2020-06-16;16:21:21;Brian;Childs;205362119;801;GS S59TF;14;Y
391;2019-11-30;02:52:32;Ted;Gibson;580742045;802;GS MCZM9;23;Y
870;2021-02-21;08:01:55;Kevin;Smith;906542288;803;GS FK5Z8;25;Y
306;2019-08-25;16:52:25;Paul;Adderley;012757894;804;GCH L104J;6;Y
576;2021-09-01;02:19:14;Kimberly;Lyons;384295407;805;GCH N3WFK;0;Y
28;2020-12-29;03:16:37;Richard;Roberts;606525837;806;GSP 6T2NE;16;Y
642;2021-09-06;18:58:13;Edward;Henderson;726867965;807;GSP GL3GU;6;Y
476;2019-08-15;13:12:31;David;Franklin;590287050;808;GND CP0J8;5;Y
667;2019-04-13;06:16:56;Kevin;Crawford;658105974;809;GA 08AMP;16;Y
189;2021-04-10;17:08:39;Joey;Livingston;911787853;810;GSP SWYRR;3;Y
72;2019-01-12;22:51:59;Jessica;Anderson;354116296;811;GS EJRE1;16;Y
651;2021-11-06;20:34:10;Samuel;Doig;298956472;812;GND 3RCG2;18;Y
898;2019-08-07;16:27:02;Beverley;Stancil;887893479;813;GA 2XFXC;3;Y
998;2021-10-16;15:26:11;Christy;Coles;811022111;814;GKW T7CCM;24;N
672;2019-12-22;14:17:48;Dario;Sliter;670324640;815;GLE ANK03;24;N
406;2020-03-26;08:11:07;Amber;Langlois;539471810;816;GA 94JN9;22;N
532;2021-06-01;19:27:13;Michael;Smith;604765820;817;GD 6LPS5;7;Y
830;2021-08-06;13:24:43;Felicia;Smith;143645560;818;GS REY0E;16;Y
651;2019-03-13;20:46:04;Margaret;Gauthier;047198375;819;GD CMTXR;20;Y
98;2021-01-05;17:58:40;Myrna;Thomas;794164658;820;GD MYTZS;9;Y
553;2021-01-05;15:18:20;James;Motley;333494550;821;GD RCLHF;26;Y
705;2020-02-16;00:41:21;Jean;Greco;768926111;822;GLE X8C8J;12;N
873;2020-10-30;23:58:20;Michael;Reilly;894911684;823;GS GEZM8;18;Y
692;2021-03-09;08:55:32;Joseph;Hatch;571452878;824;GKA HMZFJ;15;N
165;2019-08-08;21:37:06;Sherri;Delariva;847666106;825;GS GG4GW;24;Y
373;2021-05-14;17:55:31;Brandon;Nicholas;771359823;826;GS L0W9F;5;Y
344;2019-01-14;12:18:52;Charles;Oelze;830693042;827;GD 58CKL;7;Y
693;2020-12-06;07:53:00;Earl;Stanford;722716083;828;GBY 4ARSH;20;Y
802;2019-12-30;18:29:13;Jacklyn;Toohey;812128684;829;GA F1ZNC;5;N
215;2020-02-05;16:22:44;Karen;Bell;745590887;830;GKW Y1YJ0;3;Y
102;2021-06-15;10:16:59;Tamara;Martinez;870587636;831;GD CC94N;5;Y
923;2021-12-11;02:28:32;Lloyd;Francois;591280171;832;GBY JX6LL;13;Y
874;2021-01-23;02:16:13;Bryan;Borrelli;781655732;833;GKS 377P4;23;Y
832;2021-11-04;20:50:33;Travis;Recalde;382076164;834;GA FRF6G;14;N
634;2020-01-11;02:26:33;Patricia;Fries;984176860;835;GA MW63K;12;Y
656;2021-03-31;05:43:31;Diane;Culver;622546819;836;GA Y7NN6;26;N
634;2020-12-26;12:35:57;Christine;Holder;084664296;837;GD S6CFP;18;N
87;2021-02-10;21:30:33;Duane;Laughman;456976447;838;GKA US0MP;23;Y
228;2021-08-13;20:45:57;Roger;Mauldin;196631621;839;GA M64UU;8;Y
567;2019-05-01;22:20:52;Benny;Hernandez;493293952;840;GA APX25;21;Y
855;2019-08-08;00:37:37;Gary;Mattie;542614345;841;GS L0W9F;21;N
798;2021-12-22;04:42:34;Tyler;Gollier;669354043;842;GS 1CC11;19;N
94;2019-10-20;04:46:24;Kathy;Metzler;669034168;843;GND Y30NK;11;Y
557;2020-08-04;10:01:36;Richard;Calderin;172241380;844;GKA H0GU4;13;Y
968;2019-08-19;03:05:55;Gene;Washington;936494736;845;GD LW1NR;20;Y
771;2020-09-07;04:11:34;Deanna;Kennedy;292440237;846;GCH 5YUMJ;26;Y
929;2019-02-11;12:09:04;Donald;Wagner;399494834;847;GS REY0E;10;N
980;2019-01-30;21:30:15;Eric;Bauer;631483812;848;GMB HLH86;24;Y
551;2020-12-23;13:10:05;Virgil;Horwath;080280559;849;GCH 061WK;4;Y
915;2021-09-03;08:55:32;Clarence;Roberts;590274793;850;GA E02AA;18;N
852;2021-05-15;04:09:39;Dusty;Barlow;221111637;851;GND UU5JA;14;Y
40;2020-11-11;06:34:21;Jessica;Tanksley;643632282;852;GD PXUHA;23;Y
110;2021-07-09;21:26:13;Diane;Young;608787293;853;GA 1MUWF;23;Y
969;2021-12-16;09:17:25;Cathy;Polley;992923370;854;GLE MENKY;23;Y
438;2020-05-17;03:55:57;Christopher;Estrada;839155542;855;GCH L104J;9;Y
50;2020-07-01;18:08:52;Charles;Koch;204139672;856;GKA H0GU4;6;N
96;2019-04-05;21:58:25;Ronald;Ziebarth;506620732;857;GA FT3W1;22;Y
360;2019-04-04;06:18:45;Gertrude;Barnes;365070704;858;GS 178FM;9;N
25;2021-06-26;10:25:21;Alfred;Blind;456697202;859;GA M64UU;19;N
312;2019-11-04;19:09:10;Jaunita;Farley;201233778;860;GS 3YC17;2;Y
500;2021-02-22;09:23:14;Jeanie;Contreras;972121625;861;GD 4Z9F8;12;N
903;2019-07-31;03:54:33;Hannah;Shoemaker;935217909;862;GA YLAUJ;3;Y
873;2020-10-30;10:44:55;Anthony;Sanots;728369627;863;GS GEZM8;26;Y
750;2020-11-21;04:08:11;Lawrence;Parker;113331930;864;GSP FW41L;22;N
353;2019-01-29;00:04:07;Linda;Webley;025406904;865;GA SJJAY;23;N
381;2019-03-27;11:32:16;Cleveland;Hutson;220999579;866;GA 88EM8;0;Y
518;2021-04-23;01:45:09;Shannon;Totaro;067640237;867;GA MR49E;19;Y
34;2020-10-18;18:04:35;Jacqueline;Simpson;312886202;868;GKA 7RNSP;16;Y
466;2020-09-07;15:28:47;Eileen;Brannigan;659086649;869;GA E02AA;15;Y
926;2020-09-30;19:21:39;Juanita;Doherty;077802478;870;GA 08AMP;15;N
89;2021-03-04;01:38:39;Jean;Provencal;628685664;871;GD S6CFP;13;Y
793;2020-04-04;05:38:49;Thomas;Grieco;846592975;872;GND FN1JW;3;Y
620;2021-07-30;11:19:28;Arnold;Williams;622189617;873;GS JFZ01;20;N
799;2021-05-15;03:55:42;Kermit;Clifton;722353051;874;GA FT3W1;7;Y
117;2020-10-11;08:27:57;Susan;Harris;025296980;875;GS 3YXH6;4;Y
225;2019-09-12;02:57:53;Gary;Cribbin;146875128;876;GMB 2A0P6;18;Y
648;2020-08-15;11:23:27;Brenda;Mckee;034481911;877;GA NY5UU;15;Y
126;2020-08-17;04:49:21;Dean;Holmes;029744641;878;GA M713A;19;Y
603;2021-02-11;19:01:22;Mary;Rivers;072687866;879;GA X078J;18;Y
461;2020-02-05;18:44:00;Paul;Bagley;424578210;880;GCZ P7EKA;8;N
757;2020-08-02;03:39:29;Marilyn;Amos;272035905;881;GBY 9A9ST;22;Y
444;2020-09-14;04:26:34;Dawn;Jeffery;201576091;882;GMB UMS2G;26;Y
907;2019-06-21;03:48:45;Casey;Erlebach;317853957;883;GCZ NXE9K;19;Y
516;2021-07-03;21:40:16;Nichole;Waggner;572347499;884;GKA AY8JJ;0;Y
976;2020-05-17;18:28:16;Miranda;Zirkle;441005244;885;GA NY5UU;3;Y
312;2020-11-16;11:57:52;Anne;Larsen;330468874;886;GCZ UXEWT;26;N
318;2020-12-11;04:34:14;Sarah;Estes;725212300;887;GKW 32782;25;N
632;2020-06-20;00:36:47;Lowell;Finley;532891365;888;GS SU87T;13;Y
202;2019-07-29;08:24:56;Clara;Brown;416461277;889;GKS F6114;19;N
457;2019-07-03;16:53:19;Anita;Strickland;353782299;890;GLE 1LA6J;4;N
430;2021-11-29;05:11:15;Clementine;Albury;059395680;891;GA 68TME;24;Y
473;2019-05-28;07:12:00;Mark;Rodriguez;447332319;892;GKS RHEZJ;6;Y
577;2020-05-10;08:41:22;Jeremy;Crichton;126078787;893;GMB SRH5H;11;N
482;2020-07-03;15:28:42;John;Drake;488607865;894;GND M21JS;24;N
243;2019-12-08;03:42:33;Ross;Shull;883059529;895;GND LKXPA;10;N
215;2020-11-03;14:51:06;Gregory;Giunta;468309971;896;GA 2MT2P;5;Y
576;2019-02-28;22:26:23;Rick;Allard;505190314;897;GKS Y27W6;5;Y
743;2021-01-23;02:54:53;John;Capley;106078676;898;GKS 377P4;13;N
315;2019-02-12;00:13:41;Charles;Robinson;175372242;899;GND CP0J8;10;N
215;2019-10-07;04:32:35;Bradley;Johnson;341373340;900;GSP 5LYJG;5;N
307;2019-10-22;20:18:04;Luz;Campbell;458713731;901;GD 2C05P;14;Y
603;2020-11-06;00:10:28;Teresa;Lovelady;207926116;902;GCZ 2U07P;18;N
934;2021-06-27;21:13:48;Chante;Gardner;008248689;903;GS 6ZF15;27;N
146;2021-08-21;13:20:34;Jose;Hull;861953280;904;GA 2MT2P;16;Y
526;2020-04-14;20:30:59;Annie;Bedwell;865763257;905;GA P2ZP9;15;Y
91;2020-01-08;10:40:47;Wanda;Wells;838543034;906;GKA ZU9SW;17;Y
475;2020-12-13;22:55:18;Doyle;Buckley;581441024;907;GS CXR47;8;N
652;2021-05-24;02:03:37;Arthur;Young;710460979;908;GKW 60PNA;9;Y
760;2019-03-04;02:53:25;Grace;Howard;441847242;909;GSP U7446;10;Y
963;2020-06-11;17:47:05;Michelle;Moriarty;371441544;910;GKA N3AZY;18;Y
222;2019-02-24;12:21:11;Rickey;Dunton;851456704;911;GCH L104J;20;Y
119;2021-09-13;06:46:01;Bill;Harewood;741360036;912;GCH GKCY1;17;N
771;2021-08-05;04:28:28;Daniel;Ellis;081392557;913;GD J62EN;21;Y
364;2019-05-23;21:12:38;Helen;Berstein;313917809;914;GA Y7NN6;19;N
825;2020-09-25;16:21:42;Mary;Walker;611267239;915;GS MYG81;20;Y
540;2020-10-30;21:06:48;Aaron;Holmes;064881053;916;GND Y30NK;20;Y
186;2019-10-29;01:08:01;Richard;Brooks;283170302;917;GSP SWYRR;8;Y
309;2020-02-11;02:32:12;Jill;Bussell;426978158;918;GCZ 5ZH32;6;Y
992;2019-06-15;22:47:06;Gregory;Aguilera;603288285;919;GKS W6C83;9;Y
582;2021-03-27;18:32:53;Jennifer;Smsith;400841285;920;GA KER82;12;N
57;2021-02-27;17:32:39;Cynthia;Milligan;798910349;921;GKA AZ7WF;8;N
929;2019-04-09;12:05:13;Andre;Menard;137672319;922;GBY LXPLM;22;N
699;2021-10-04;18:10:41;Christopher;Cuneo;005140726;923;GD 2C05P;19;N
25;2019-04-05;09:52:31;Sarah;Robertson;808714461;924;GLE UC3E7;6;Y
449;2020-03-16;23:37:53;Michael;Suehs;679912962;925;GA U84Y7;14;Y
851;2019-12-23;10:50:04;James;Naish;725929756;926;GKS 377P4;18;Y
837;2019-10-12;18:24:55;Theresa;Taylor;254190025;927;GA E02AA;18;Y
455;2020-07-16;07:52:22;Barbara;Dickenson;885134610;928;GA 2XFXC;8;Y
278;2019-10-28;17:37:35;Christy;Brock;281595194;929;GA 5PZ17;2;Y
374;2020-01-25;05:36:27;Ann;Mccall;610303671;930;GKW E7XN6;15;N
393;2020-11-24;19:06:04;Donald;Hamm;157864002;931;GND M21JS;6;N
542;2021-12-21;10:23:36;Melissa;Shaffer;033941584;932;GS N940C;4;Y
670;2019-12-15;20:03:26;Steven;Mcdonald;911636126;933;GMB 23L5W;14;Y
968;2019-08-01;08:51:11;Laura;Coffman;565425614;934;GA 2ZG1K;18;N
336;2021-02-06;01:20:29;Francis;Caswell;328846460;935;GD RGNZA;23;Y
246;2019-07-11;20:58:22;Lee;Spurlock;360651103;936;GA MR49E;2;N
844;2020-11-16;08:39:17;Brian;Condict;538413842;937;GS MYG81;26;N
322;2021-07-28;23:17:30;Tim;Clevenger;239844648;938;GA GFWLP;20;N
199;2021-04-16;10:07:28;Eva;Pierce;746426700;939;GD YWP3E;5;Y
257;2021-04-19;15:54:55;Bret;Slover;623460843;940;GD 4Z9F8;10;N
771;2020-04-23;09:46:25;Christine;Biancuzzo;473344014;941;GA 5ZC1C;14;Y
110;2020-10-02;15:26:58;Jean;Taylor;020128074;942;GKS FPTZM;8;N
575;2019-08-21;16:05:36;Mona;Blossom;105840225;943;GS 0NL49;25;Y
605;2020-02-04;11:35:18;Robert;Negrete;708921715;944;GS 9WSKX;12;Y
819;2019-06-06;01:03:29;Jeffrey;Chan;501258066;945;GS RC4T1;24;Y
155;2020-08-06;15:36:32;Jim;Burtner;192016790;946;GBY 4ARSH;0;Y
258;2020-05-11;19:08:43;Cynthia;Conner;963829402;947;GA MR49E;24;Y
995;2021-02-05;20:06:18;Elbert;Lopez;460522396;948;GKA H0GU4;27;Y
78;2021-06-09;16:28:37;Nell;Nelson;513839030;949;GSP JZ19L;5;N
231;2021-04-18;10:06:14;Donna;Matson;459991684;950;GD PXUHA;24;N
620;2021-05-03;06:12:40;Charles;Stafford;891535265;951;GD E3A52;23;Y
47;2019-06-27;07:23:52;Jo;Miller;977921469;952;GCZ 82JMF;2;N
78;2019-01-25;22:12:15;Patrick;Ramos;854759137;953;GA APX25;7;N
357;2020-08-23;02:22:07;Misty;Poreda;711932469;954;GA 5PZ17;5;Y
662;2020-12-03;11:15:22;Florence;Patel;728328943;955;GD EY50J;3;N
736;2021-12-18;14:41:06;Courtney;Mahaffy;358729585;956;GA M64UU;11;Y
922;2021-12-18;23:27:13;Shirley;Colbert;532391176;957;GA E02AA;5;Y
514;2021-06-30;16:25:25;Connie;Chavez;413138181;958;GA KER82;27;Y
360;2021-04-19;15:43:24;Kennith;Moore;128816371;959;GD 4Z9F8;10;N
366;2019-11-04;18:23:54;Norbert;Ware;390493698;960;GKS NW0PJ;13;Y
108;2021-10-16;16:20:26;Robert;Smith;859173890;961;GKW T7CCM;22;Y
493;2021-03-15;00:50:26;Serena;Huang;692946296;962;GKS YN083;3;N
214;2019-02-17;12:54:21;Tamiko;Perkins;709344591;963;GKS W6C83;14;N
243;2021-10-08;21:47:23;Shirley;Shewmaker;983083756;964;GKS FPTZM;5;Y
831;2020-03-21;18:53:29;Lenora;Gluck;731333878;965;GND Y30NK;18;Y
575;2021-08-14;00:48:09;Eugene;Powers;687039950;966;GND HRPHA;16;N
189;2021-05-17;00:35:23;Tiffany;Perez;230714629;967;GD RCLHF;3;N
74;2021-04-01;10:12:44;Lisa;Bona;654360834;968;GCZ G2YKW;27;Y
275;2019-12-24;00:59:18;Sharon;Yard;361961186;969;GD RGNZA;21;Y
419;2019-12-06;13:49:22;Thomas;Gustin;516246928;970;GA U18TE;21;Y
878;2019-03-20;04:02:02;Lora;White;639992608;971;GA Y7NN6;6;Y
454;2020-03-09;16:09:02;Susie;Tran;489315308;972;GCH L104J;11;Y
24;2019-07-22;09:17:51;Shirley;Johnson;979147705;973;GMB 6U4KT;17;Y
500;2019-06-21;09:50:12;Eric;Mosley;472965126;974;GD CYWLA;4;Y
304;2021-09-22;13:24:11;Barbara;Gabbard;285410378;975;GA 94JN9;25;Y
720;2020-05-06;20:36:11;Pauline;House;575534919;976;GCZ 2U07P;27;Y
652;2021-03-23;22:47:23;David;Moxley;341959704;977;GMB 23L5W;10;Y
23;2020-12-11;17:15:07;Kim;Tederous;415819329;978;GMB 23L5W;15;Y
242;2019-07-26;17:41:36;Tina;Stanley;455867229;979;GD FAW2Z;10;Y
622;2019-03-13;19:58:11;Earl;Ray;118120514;980;GS 178FM;2;Y
94;2020-09-01;18:33:41;Peggy;Collins;472955131;981;GCH 0W2K9;11;Y
0;2019-05-06;23:41:31;Samuel;Mucha;845771308;982;GCZ 5ZH32;23;Y
742;2019-04-30;12:33:47;Shane;Woodall;157598365;983;GS 7H5KP;3;Y
592;2019-10-25;18:15:41;Melissa;Bowden;124303765;984;GS SU87T;20;Y
720;2021-07-03;22:46:02;Rachel;Akins;822436262;985;GKA AY8JJ;27;N
998;2019-12-18;17:21:18;Christy;Ascher;371380684;986;GD 6LPS5;20;Y
442;2021-04-20;07:22:54;Joyce;Giles;367448404;987;GA 88EM8;18;N
315;2020-09-19;03:05:06;Betty;Matthews;780252854;988;GD HGHN3;8;Y
682;2020-10-16;13:46:12;April;Sconiers;678489381;989;GS 9SU3T;11;Y
827;2020-08-18;18:34:29;Joyce;Jones;698879938;990;GD KP5XA;19;Y
745;2020-11-16;03:47:38;Susan;Ralph;572242654;991;GSP 5LYJG;10;Y
37;2019-04-09;15:17:54;Louis;Dicks;366273489;992;GBY LXPLM;0;Y
578;2021-02-17;04:39:32;Billy;Green;859793246;993;GA 68TME;6;Y
952;2020-01-11;17:05:03;Priscilla;Goldberg;208851063;994;GND FN1JW;6;Y
887;2020-04-20;08:05:34;Wilbur;Curran;659307442;995;GA 1MUWF;0;Y
52;2019-06-11;15:44:20;James;Bonifer;595762901;996;GMB M0WGN;2;Y
389;2019-05-13;16:00:48;Jonathan;Sanchez;233218094;997;GLE JXTJY;15;N
115;2021-12-07;01:07:16;Eduardo;Salas;565665135;998;GS 0ZS69;26;N
98;2019-01-13;01:28:46;Maria;Reper;990871332;999;GS EJRE1;1;Y
